Estaci√≥n;latitude;longitude;Variable;Dia;Valor_max;Valor_mean;Valor_min
CAI 20 de Julio;4.572588;-74.092548;L10;Monday;100.9;54.246048766776035;6.2
CAI 20 de Julio;4.572588;-74.092548;L10;Tuesday;96.6;54.72643413007136;5.5
CAI 20 de Julio;4.572588;-74.092548;L10;Wednesday;109.0;54.75081612991936;5.7
CAI 20 de Julio;4.572588;-74.092548;L10;Thursday;94.4;54.74562065541085;5.5
CAI 20 de Julio;4.572588;-74.092548;L10;Friday;98.8;54.92740793809913;6.6
CAI 20 de Julio;4.572588;-74.092548;L10;Saturday;96.8;55.11376008064423;6.5
CAI 20 de Julio;4.572588;-74.092548;L10;Sunday;104.1;53.78998877350489;5.9
CAI 20 de Julio;4.572588;-74.092548;L50;Monday;91.9;47.66216380952288;5.9
CAI 20 de Julio;4.572588;-74.092548;L50;Tuesday;90.7;48.15979602549603;5.5
CAI 20 de Julio;4.572588;-74.092548;L50;Wednesday;95.1;48.119839874410765;3.8
CAI 20 de Julio;4.572588;-74.092548;L50;Thursday;87.8;48.11847523650469;5.5
CAI 20 de Julio;4.572588;-74.092548;L50;Friday;91.1;48.41347096978269;5.9
CAI 20 de Julio;4.572588;-74.092548;L50;Saturday;89.5;48.87414568911146;6.5
CAI 20 de Julio;4.572588;-74.092548;L50;Sunday;94.5;47.39710614866814;5.9
CAI 20 de Julio;4.572588;-74.092548;L90;Monday;85.4;42.86441992832518;3.6
CAI 20 de Julio;4.572588;-74.092548;L90;Tuesday;87.2;43.320056976097284;3.4
CAI 20 de Julio;4.572588;-74.092548;L90;Wednesday;94.1;43.489391687310494;3.0
CAI 20 de Julio;4.572588;-74.092548;L90;Thursday;84.1;43.42856007944298;3.1
CAI 20 de Julio;4.572588;-74.092548;L90;Friday;85.1;43.80861298180253;3.2
CAI 20 de Julio;4.572588;-74.092548;L90;Saturday;87.7;44.48589717741855;4.6
CAI 20 de Julio;4.572588;-74.092548;L90;Sunday;87.3;42.94994386752639;4.2
CAI 20 de Julio;4.572588;-74.092548;Leq;Monday;90.2;51.484703856948485;6.3
CAI 20 de Julio;4.572588;-74.092548;Leq;Tuesday;87.4;52.01273031586257;5.6
CAI 20 de Julio;4.572588;-74.092548;Leq;Wednesday;91.4;52.02131361214994;5.8
CAI 20 de Julio;4.572588;-74.092548;Leq;Thursday;78.7;51.962080144867535;5.6
CAI 20 de Julio;4.572588;-74.092548;Leq;Friday;86.9;52.172961531653776;6.7
CAI 20 de Julio;4.572588;-74.092548;Leq;Saturday;79.8;52.40858485531382;6.6
CAI 20 de Julio;4.572588;-74.092548;Leq;Sunday;80.7;51.11074049462553;6.0
CAI 20 de Julio;4.572588;-74.092548;Lmax;Monday;140.5;73.78203218326301;6.3
CAI 20 de Julio;4.572588;-74.092548;Lmax;Tuesday;139.8;74.4278738187888;5.6
CAI 20 de Julio;4.572588;-74.092548;Lmax;Wednesday;141.2;74.26727360308365;5.8
CAI 20 de Julio;4.572588;-74.092548;Lmax;Thursday;133.8;74.17370407150112;5.6
CAI 20 de Julio;4.572588;-74.092548;Lmax;Friday;134.3;74.43489468405357;6.7
CAI 20 de Julio;4.572588;-74.092548;Lmax;Saturday;129.7;74.58882344470142;6.6
CAI 20 de Julio;4.572588;-74.092548;Lmax;Sunday;136.9;73.36435307325354;6.0
CAI 20 de Julio;4.572588;-74.092548;Lmin;Monday;85.5;36.33378258730951;0.0
CAI 20 de Julio;4.572588;-74.092548;Lmin;Tuesday;83.0;36.82318371317404;0.0
CAI 20 de Julio;4.572588;-74.092548;Lmin;Wednesday;94.2;37.053253509496365;0.0
CAI 20 de Julio;4.572588;-74.092548;Lmin;Thursday;82.5;37.01798978578532;0.5
CAI 20 de Julio;4.572588;-74.092548;Lmin;Friday;84.9;37.44273248316403;2.1
CAI 20 de Julio;4.572588;-74.092548;Lmin;Saturday;87.8;38.241069988479175;2.1
CAI 20 de Julio;4.572588;-74.092548;Lmin;Sunday;85.2;36.7221540836373;0.0
CAI 7 de Agosto;4.6582300000000005;-74.077138;L10;Monday;94.3;59.90078529657485;13.7
CAI 7 de Agosto;4.6582300000000005;-74.077138;L10;Tuesday;96.6;61.542093352192246;10.2
CAI 7 de Agosto;4.6582300000000005;-74.077138;L10;Wednesday;95.9;60.83036158861846;6.2
CAI 7 de Agosto;4.6582300000000005;-74.077138;L10;Thursday;94.6;61.10376088677743;16.2
CAI 7 de Agosto;4.6582300000000005;-74.077138;L10;Friday;94.5;61.781989528795705;7.9
CAI 7 de Agosto;4.6582300000000005;-74.077138;L10;Saturday;94.2;61.580038095238066;18.3
CAI 7 de Agosto;4.6582300000000005;-74.077138;L10;Sunday;93.5;59.32605911330042;8.7
CAI 7 de Agosto;4.6582300000000005;-74.077138;L50;Monday;90.3;53.804327485380206;6.9
CAI 7 de Agosto;4.6582300000000005;-74.077138;L50;Tuesday;92.0;56.08181046676095;7.2
CAI 7 de Agosto;4.6582300000000005;-74.077138;L50;Wednesday;91.8;55.361778304682815;6.2
CAI 7 de Agosto;4.6582300000000005;-74.077138;L50;Thursday;91.4;55.628477170757435;7.9
CAI 7 de Agosto;4.6582300000000005;-74.077138;L50;Friday;90.9;56.45005235602092;7.9
CAI 7 de Agosto;4.6582300000000005;-74.077138;L50;Saturday;90.7;56.23394285714289;8.1
CAI 7 de Agosto;4.6582300000000005;-74.077138;L50;Sunday;88.2;53.29481116584553;7.9
CAI 7 de Agosto;4.6582300000000005;-74.077138;L90;Monday;87.9;48.28061821219706;2.2
CAI 7 de Agosto;4.6582300000000005;-74.077138;L90;Tuesday;89.7;51.27371994342304;2.7
CAI 7 de Agosto;4.6582300000000005;-74.077138;L90;Wednesday;89.3;50.615506816834746;2.0
CAI 7 de Agosto;4.6582300000000005;-74.077138;L90;Thursday;88.9;50.888361045130495;3.7
CAI 7 de Agosto;4.6582300000000005;-74.077138;L90;Friday;88.5;51.80076290201939;5.5
CAI 7 de Agosto;4.6582300000000005;-74.077138;L90;Saturday;88.1;51.52091428571424;6.2
CAI 7 de Agosto;4.6582300000000005;-74.077138;L90;Sunday;85.7;47.933251231527045;5.0
CAI 7 de Agosto;4.6582300000000005;-74.077138;Leq;Monday;76.7;56.694977640178855;15.9
CAI 7 de Agosto;4.6582300000000005;-74.077138;Leq;Tuesday;77.9;58.485570762958865;10.3
CAI 7 de Agosto;4.6582300000000005;-74.077138;Leq;Wednesday;77.7;57.81928240175708;6.3
CAI 7 de Agosto;4.6582300000000005;-74.077138;Leq;Thursday;77.6;58.063703099510626;17.1
CAI 7 de Agosto;4.6582300000000005;-74.077138;Leq;Friday;77.1;58.736787804126706;8.0
CAI 7 de Agosto;4.6582300000000005;-74.077138;Leq;Saturday;76.2;58.485803921568476;18.5
CAI 7 de Agosto;4.6582300000000005;-74.077138;Leq;Sunday;80.5;56.05224814063571;8.8
CAI 7 de Agosto;4.6582300000000005;-74.077138;Lmax;Monday;119.5;76.92790309106086;20.6
CAI 7 de Agosto;4.6582300000000005;-74.077138;Lmax;Tuesday;125.8;78.21957567185294;10.3
CAI 7 de Agosto;4.6582300000000005;-74.077138;Lmax;Wednesday;123.5;77.73266152934197;6.3
CAI 7 de Agosto;4.6582300000000005;-74.077138;Lmax;Thursday;126.5;78.37548165742957;27.6
CAI 7 de Agosto;4.6582300000000005;-74.077138;Lmax;Friday;128.0;78.6145100972328;8.0
CAI 7 de Agosto;4.6582300000000005;-74.077138;Lmax;Saturday;119.9;78.5453142857139;31.7
CAI 7 de Agosto;4.6582300000000005;-74.077138;Lmax;Sunday;124.6;76.39522167487677;8.8
CAI 7 de Agosto;4.6582300000000005;-74.077138;Lmin;Monday;84.7;40.36833751044272;1.3
CAI 7 de Agosto;4.6582300000000005;-74.077138;Lmin;Tuesday;85.9;44.03379066478079;1.2
CAI 7 de Agosto;4.6582300000000005;-74.077138;Lmin;Wednesday;85.4;43.64072317723772;1.2
CAI 7 de Agosto;4.6582300000000005;-74.077138;Lmin;Thursday;85.4;43.785563473211994;1.1
CAI 7 de Agosto;4.6582300000000005;-74.077138;Lmin;Friday;87.9;44.73964098728507;1.5
CAI 7 de Agosto;4.6582300000000005;-74.077138;Lmin;Saturday;84.1;44.244590476190446;1.3
CAI 7 de Agosto;4.6582300000000005;-74.077138;Lmin;Sunday;82.9;39.760919540229985;1.6
CAI Alamos;4.690173000000001;-74.11727900000001;L10;Monday;99.4;57.08658503401489;6.7
CAI Alamos;4.690173000000001;-74.11727900000001;L10;Tuesday;99.2;58.10589126071966;6.8
CAI Alamos;4.690173000000001;-74.11727900000001;L10;Wednesday;99.2;57.94956166814635;8.1
CAI Alamos;4.690173000000001;-74.11727900000001;L10;Thursday;103.5;58.26077220077285;8.5
CAI Alamos;4.690173000000001;-74.11727900000001;L10;Friday;99.1;58.477103069345;8.7
CAI Alamos;4.690173000000001;-74.11727900000001;L10;Saturday;104.3;58.41433063177478;8.5
CAI Alamos;4.690173000000001;-74.11727900000001;L10;Sunday;98.6;55.62092526017076;9.1
CAI Alamos;4.690173000000001;-74.11727900000001;L50;Monday;98.5;49.82442962962997;4.9
CAI Alamos;4.690173000000001;-74.11727900000001;L50;Tuesday;98.3;51.01194896524121;6.8
CAI Alamos;4.690173000000001;-74.11727900000001;L50;Wednesday;98.1;50.68101708624005;7.6
CAI Alamos;4.690173000000001;-74.11727900000001;L50;Thursday;103.5;51.14136344537853;8.0
CAI Alamos;4.690173000000001;-74.11727900000001;L50;Friday;98.1;51.354260127931916;7.9
CAI Alamos;4.690173000000001;-74.11727900000001;L50;Saturday;98.2;51.439699808388404;8.1
CAI Alamos;4.690173000000001;-74.11727900000001;L50;Sunday;97.7;47.77338746146011;8.4
CAI Alamos;4.690173000000001;-74.11727900000001;L90;Monday;98.1;44.7021341107879;2.2
CAI Alamos;4.690173000000001;-74.11727900000001;L90;Tuesday;97.8;46.251696770662384;6.4
CAI Alamos;4.690173000000001;-74.11727900000001;L90;Wednesday;97.5;45.95135403726698;3.2
CAI Alamos;4.690173000000001;-74.11727900000001;L90;Thursday;103.5;46.42637451737513;7.5
CAI Alamos;4.690173000000001;-74.11727900000001;L90;Friday;97.6;46.752417582417856;4.7
CAI Alamos;4.690173000000001;-74.11727900000001;L90;Saturday;97.9;46.62190020505878;6.9
CAI Alamos;4.690173000000001;-74.11727900000001;L90;Sunday;97.2;42.46617596972603;5.4
CAI Alamos;4.690173000000001;-74.11727900000001;Leq;Monday;96.5;55.00210284113678;8.0
CAI Alamos;4.690173000000001;-74.11727900000001;Leq;Tuesday;95.7;56.07273119975963;6.9
CAI Alamos;4.690173000000001;-74.11727900000001;Leq;Wednesday;95.4;55.956452320058986;8.3
CAI Alamos;4.690173000000001;-74.11727900000001;Leq;Thursday;98.4;56.28900039745628;8.6
CAI Alamos;4.690173000000001;-74.11727900000001;Leq;Friday;95.8;56.40667615852746;8.8
CAI Alamos;4.690173000000001;-74.11727900000001;Leq;Saturday;95.8;56.3234650798117;8.6
CAI Alamos;4.690173000000001;-74.11727900000001;Leq;Sunday;95.4;53.72955395403188;9.2
CAI Alamos;4.690173000000001;-74.11727900000001;Lmax;Monday;137.0;78.16901457725903;8.8
CAI Alamos;4.690173000000001;-74.11727900000001;Lmax;Tuesday;132.4;79.27108921729597;6.9
CAI Alamos;4.690173000000001;-74.11727900000001;Lmax;Wednesday;123.5;79.10768589174744;9.2
CAI Alamos;4.690173000000001;-74.11727900000001;Lmax;Thursday;134.4;79.55067953667792;8.6
CAI Alamos;4.690173000000001;-74.11727900000001;Lmax;Friday;127.2;79.63346532777524;8.8
CAI Alamos;4.690173000000001;-74.11727900000001;Lmax;Saturday;127.1;79.41973440093706;8.6
CAI Alamos;4.690173000000001;-74.11727900000001;Lmax;Sunday;123.2;76.95903689687805;9.2
CAI Alamos;4.690173000000001;-74.11727900000001;Lmin;Monday;98.0;38.66255587949499;1.6
CAI Alamos;4.690173000000001;-74.11727900000001;Lmin;Tuesday;97.4;40.25217113665423;0.0
CAI Alamos;4.690173000000001;-74.11727900000001;Lmin;Wednesday;97.1;39.98345696539519;1.9
CAI Alamos;4.690173000000001;-74.11727900000001;Lmin;Thursday;103.6;40.37050965250988;6.1
CAI Alamos;4.690173000000001;-74.11727900000001;Lmin;Friday;97.2;40.7119249715806;2.6
CAI Alamos;4.690173000000001;-74.11727900000001;Lmin;Saturday;97.2;40.3326159554737;4.9
CAI Alamos;4.690173000000001;-74.11727900000001;Lmin;Sunday;96.8;36.37098959318875;4.5
CAI Americas;4.619148;-74.139036;L10;Monday;98.0;62.06313792449133;8.2
CAI Americas;4.619148;-74.139036;L10;Tuesday;97.6;63.01723936865339;9.3
CAI Americas;4.619148;-74.139036;L10;Wednesday;101.8;62.98917499227453;8.3
CAI Americas;4.619148;-74.139036;L10;Thursday;99.2;63.0893865788388;9.2
CAI Americas;4.619148;-74.139036;L10;Friday;96.9;63.1465730450589;8.7
CAI Americas;4.619148;-74.139036;L10;Saturday;96.8;62.86472031299529;7.9
CAI Americas;4.619148;-74.139036;L10;Sunday;99.4;61.11849002848927;7.4
CAI Americas;4.619148;-74.139036;L50;Monday;92.4;56.53901825047128;6.6
CAI Americas;4.619148;-74.139036;L50;Tuesday;94.8;57.65679382481155;6.8
CAI Americas;4.619148;-74.139036;L50;Wednesday;95.2;57.550682915057585;8.0
CAI Americas;4.619148;-74.139036;L50;Thursday;92.7;57.636175644027375;8.0
CAI Americas;4.619148;-74.139036;L50;Friday;93.8;57.74736492673998;6.2
CAI Americas;4.619148;-74.139036;L50;Saturday;92.2;57.55863525588878;7.9
CAI Americas;4.619148;-74.139036;L50;Sunday;94.5;55.461299510457906;7.4
CAI Americas;4.619148;-74.139036;L90;Monday;92.5;51.7588958451907;4.2
CAI Americas;4.619148;-74.139036;L90;Tuesday;94.8;53.15366040012016;4.9
CAI Americas;4.619148;-74.139036;L90;Wednesday;95.2;53.19666700998943;5.5
CAI Americas;4.619148;-74.139036;L90;Thursday;92.6;53.21702758336749;5.8
CAI Americas;4.619148;-74.139036;L90;Friday;93.8;53.44583148110636;4.0
CAI Americas;4.619148;-74.139036;L90;Saturday;90.7;53.35253040076114;3.5
CAI Americas;4.619148;-74.139036;L90;Sunday;94.5;50.77758241758217;5.8
CAI Americas;4.619148;-74.139036;Leq;Monday;83.2;59.131915475354056;8.3
CAI Americas;4.619148;-74.139036;Leq;Tuesday;81.8;60.11765119840983;10.1
CAI Americas;4.619148;-74.139036;Leq;Wednesday;90.7;60.105318291700144;8.4
CAI Americas;4.619148;-74.139036;Leq;Thursday;81.9;60.16430539074432;9.3
CAI Americas;4.619148;-74.139036;Leq;Friday;82.3;60.278818953324055;8.8
CAI Americas;4.619148;-74.139036;Leq;Saturday;84.4;60.0478948055908;8.0
CAI Americas;4.619148;-74.139036;Leq;Sunday;85.6;58.16980266465581;7.5
CAI Americas;4.619148;-74.139036;Lmax;Monday;129.8;79.9489186112705;8.3
CAI Americas;4.619148;-74.139036;Lmax;Tuesday;131.8;80.84205288026627;10.1
CAI Americas;4.619148;-74.139036;Lmax;Wednesday;140.0;80.71394582346309;8.4
CAI Americas;4.619148;-74.139036;Lmax;Thursday;130.1;80.88839440098917;9.3
CAI Americas;4.619148;-74.139036;Lmax;Friday;132.5;80.97933723984744;8.8
CAI Americas;4.619148;-74.139036;Lmax;Saturday;130.6;80.93389446970572;8.0
CAI Americas;4.619148;-74.139036;Lmax;Sunday;131.8;79.28041310541497;7.5
CAI Americas;4.619148;-74.139036;Lmin;Monday;92.6;44.42004173781025;0.0
CAI Americas;4.619148;-74.139036;Lmin;Tuesday;94.9;45.89381321001328;0.0
CAI Americas;4.619148;-74.139036;Lmin;Wednesday;95.3;45.959077144916826;2.7
CAI Americas;4.619148;-74.139036;Lmin;Thursday;92.7;46.01264717990919;3.0
CAI Americas;4.619148;-74.139036;Lmin;Friday;93.9;46.45711456859985;0.5
CAI Americas;4.619148;-74.139036;Lmin;Saturday;90.8;46.484439039865144;2.4
CAI Americas;4.619148;-74.139036;Lmin;Sunday;94.6;43.46721611721624;2.8
CAI Aurora;4.5198267;-74.12164990000001;L10;Monday;108.0;56.94676565377522;6.7
CAI Aurora;4.5198267;-74.12164990000001;L10;Tuesday;94.3;58.81418195718645;7.7
CAI Aurora;4.5198267;-74.12164990000001;L10;Wednesday;96.4;58.99689067201607;11.2
CAI Aurora;4.5198267;-74.12164990000001;L10;Thursday;96.4;59.188220360497574;11.9
CAI Aurora;4.5198267;-74.12164990000001;L10;Friday;94.2;59.245822837951295;10.8
CAI Aurora;4.5198267;-74.12164990000001;L10;Saturday;97.7;58.93923802946567;9.9
CAI Aurora;4.5198267;-74.12164990000001;L10;Sunday;111.1;58.014030847145385;11.3
CAI Aurora;4.5198267;-74.12164990000001;L50;Monday;103.2;51.095642857142906;7.4
CAI Aurora;4.5198267;-74.12164990000001;L50;Tuesday;88.8;52.150833333333104;7.7
CAI Aurora;4.5198267;-74.12164990000001;L50;Wednesday;90.3;52.19796818762339;7.7
CAI Aurora;4.5198267;-74.12164990000001;L50;Thursday;90.9;52.451018518518474;8.8
CAI Aurora;4.5198267;-74.12164990000001;L50;Friday;88.8;52.70317099567094;8.5
CAI Aurora;4.5198267;-74.12164990000001;L50;Saturday;90.5;52.52766666666681;9.9
CAI Aurora;4.5198267;-74.12164990000001;L50;Sunday;92.1;51.25917857142862;10.5
CAI Aurora;4.5198267;-74.12164990000001;L90;Monday;88.0;45.65405156537734;2.2
CAI Aurora;4.5198267;-74.12164990000001;L90;Tuesday;84.8;48.16743119266057;6.6
CAI Aurora;4.5198267;-74.12164990000001;L90;Wednesday;86.4;48.15677031093279;5.6
CAI Aurora;4.5198267;-74.12164990000001;L90;Thursday;85.8;48.532228992129994;7.2
CAI Aurora;4.5198267;-74.12164990000001;L90;Friday;85.7;48.604848866498756;7.2
CAI Aurora;4.5198267;-74.12164990000001;L90;Saturday;85.7;48.72212246777165;7.4
CAI Aurora;4.5198267;-74.12164990000001;L90;Sunday;87.7;47.258862799263234;7.7
CAI Aurora;4.5198267;-74.12164990000001;Leq;Monday;91.9;53.560117337164876;8.0
CAI Aurora;4.5198267;-74.12164990000001;Leq;Tuesday;79.5;55.311703821656074;7.8
CAI Aurora;4.5198267;-74.12164990000001;Leq;Wednesday;81.1;55.416476876597685;10.9
CAI Aurora;4.5198267;-74.12164990000001;Leq;Thursday;81.3;55.5992323980941;12.5
CAI Aurora;4.5198267;-74.12164990000001;Leq;Friday;79.6;55.82825043629996;10.9
CAI Aurora;4.5198267;-74.12164990000001;Leq;Saturday;81.9;55.54436063218401;10.0
CAI Aurora;4.5198267;-74.12164990000001;Leq;Sunday;91.8;54.55878831417622;11.4
CAI Aurora;4.5198267;-74.12164990000001;Lmax;Monday;121.9;74.43485267034977;9.4
CAI Aurora;4.5198267;-74.12164990000001;Lmax;Tuesday;119.7;75.89682721712525;7.8
CAI Aurora;4.5198267;-74.12164990000001;Lmax;Wednesday;119.3;76.05679260002204;12.3
CAI Aurora;4.5198267;-74.12164990000001;Lmax;Thursday;131.2;76.1127443513584;12.5
CAI Aurora;4.5198267;-74.12164990000001;Lmax;Friday;122.0;76.59854114189741;10.9
CAI Aurora;4.5198267;-74.12164990000001;Lmax;Saturday;125.6;76.20981813996295;10.0
CAI Aurora;4.5198267;-74.12164990000001;Lmax;Sunday;121.2;75.57456261510109;11.4
CAI Aurora;4.5198267;-74.12164990000001;Lmin;Monday;81.9;38.82524171270706;1.6
CAI Aurora;4.5198267;-74.12164990000001;Lmin;Tuesday;79.6;41.12237512742109;4.5
CAI Aurora;4.5198267;-74.12164990000001;Lmin;Wednesday;84.8;41.12719268917873;4.1
CAI Aurora;4.5198267;-74.12164990000001;Lmin;Thursday;80.2;41.482343234323146;4.3
CAI Aurora;4.5198267;-74.12164990000001;Lmin;Friday;82.0;41.66697103274552;4.7
CAI Aurora;4.5198267;-74.12164990000001;Lmin;Saturday;85.8;42.117357274401336;5.4
CAI Aurora;4.5198267;-74.12164990000001;Lmin;Sunday;80.9;40.29791666666658;5.9
CAI Claret;4.583296;-74.127269;L10;Monday;97.7;57.94509647371924;8.3
CAI Claret;4.583296;-74.127269;L10;Tuesday;98.6;58.43708344936428;3.2
CAI Claret;4.583296;-74.127269;L10;Wednesday;110.4;58.46746501361971;2.5
CAI Claret;4.583296;-74.127269;L10;Thursday;98.2;58.54733136204148;3.8
CAI Claret;4.583296;-74.127269;L10;Friday;100.9;58.492587375815084;4.6
CAI Claret;4.583296;-74.127269;L10;Saturday;104.1;58.434509080315436;3.4
CAI Claret;4.583296;-74.127269;L10;Sunday;94.0;56.61942781607082;5.9
CAI Claret;4.583296;-74.127269;L50;Monday;90.5;49.69643425266023;2.9
CAI Claret;4.583296;-74.127269;L50;Tuesday;97.1;50.128075078206884;3.2
CAI Claret;4.583296;-74.127269;L50;Wednesday;92.9;50.109894259819306;2.5
CAI Claret;4.583296;-74.127269;L50;Thursday;96.5;50.32279494090888;2.8
CAI Claret;4.583296;-74.127269;L50;Friday;95.2;50.33174527716993;2.4
CAI Claret;4.583296;-74.127269;L50;Saturday;90.4;50.41057629269362;2.5
CAI Claret;4.583296;-74.127269;L50;Sunday;91.2;48.228411444980054;2.6
CAI Claret;4.583296;-74.127269;L90;Monday;87.6;43.14774070905823;2.1
CAI Claret;4.583296;-74.127269;L90;Tuesday;96.5;43.509083820662454;2.3
CAI Claret;4.583296;-74.127269;L90;Wednesday;88.7;43.60487836949413;2.2
CAI Claret;4.583296;-74.127269;L90;Thursday;96.5;43.777954167436675;2.2
CAI Claret;4.583296;-74.127269;L90;Friday;92.2;43.802914718200064;2.1
CAI Claret;4.583296;-74.127269;L90;Saturday;86.6;44.21574827619731;2.1
CAI Claret;4.583296;-74.127269;L90;Sunday;91.2;41.95061278443964;2.1
CAI Claret;4.583296;-74.127269;Leq;Monday;85.5;54.97551759226627;8.2
CAI Claret;4.583296;-74.127269;Leq;Tuesday;94.3;55.477212093414465;3.3
CAI Claret;4.583296;-74.127269;Leq;Wednesday;87.8;55.513568859496274;2.6
CAI Claret;4.583296;-74.127269;Leq;Thursday;79.4;55.57153755421884;3.9
CAI Claret;4.583296;-74.127269;Leq;Friday;82.0;55.55514634806527;4.0
CAI Claret;4.583296;-74.127269;Leq;Saturday;84.7;55.479785660015324;3.5
CAI Claret;4.583296;-74.127269;Leq;Sunday;79.7;53.76097741145353;6.0
CAI Claret;4.583296;-74.127269;Lmax;Monday;131.5;77.720777492633;8.4
CAI Claret;4.583296;-74.127269;Lmax;Tuesday;137.6;78.20219251833231;3.3
CAI Claret;4.583296;-74.127269;Lmax;Wednesday;135.2;78.3897867944028;2.6
CAI Claret;4.583296;-74.127269;Lmax;Thursday;126.5;78.21825355756778;3.9
CAI Claret;4.583296;-74.127269;Lmax;Friday;133.5;78.32243694480353;5.6
CAI Claret;4.583296;-74.127269;Lmax;Saturday;130.9;78.26194231329426;3.5
CAI Claret;4.583296;-74.127269;Lmax;Sunday;129.4;76.62539137003107;6.0
CAI Claret;4.583296;-74.127269;Lmin;Monday;82.7;35.63545100275651;0.7
CAI Claret;4.583296;-74.127269;Lmin;Tuesday;95.9;35.94189547943937;0.0
CAI Claret;4.583296;-74.127269;Lmin;Wednesday;87.9;36.02135249366042;0.0
CAI Claret;4.583296;-74.127269;Lmin;Thursday;96.6;36.193734984291325;1.7
CAI Claret;4.583296;-74.127269;Lmin;Friday;92.3;36.223182526715036;0.0
CAI Claret;4.583296;-74.127269;Lmin;Saturday;86.7;36.77765562785337;0.0
CAI Claret;4.583296;-74.127269;Lmin;Sunday;91.3;34.64720989519397;0.7
CAI Galerias;4.641682;-74.074534;L10;Monday;95.9;52.54433851862408;3.7
CAI Galerias;4.641682;-74.074534;L10;Tuesday;98.6;52.420822722819864;-0.1
CAI Galerias;4.641682;-74.074534;L10;Wednesday;92.4;53.146814771222616;-0.1
CAI Galerias;4.641682;-74.074534;L10;Thursday;95.2;53.25696926579381;6.0
CAI Galerias;4.641682;-74.074534;L10;Friday;92.6;53.386083132359005;6.3
CAI Galerias;4.641682;-74.074534;L10;Saturday;112.2;53.853420160087;6.2
CAI Galerias;4.641682;-74.074534;L10;Sunday;88.0;51.68478844169289;6.1
CAI Galerias;4.641682;-74.074534;L50;Monday;86.8;45.01791351505649;3.7
CAI Galerias;4.641682;-74.074534;L50;Tuesday;91.2;45.01751540335315;-0.1
CAI Galerias;4.641682;-74.074534;L50;Wednesday;86.3;45.5464572047669;-0.1
CAI Galerias;4.641682;-74.074534;L50;Thursday;90.9;45.87158793397829;3.9
CAI Galerias;4.641682;-74.074534;L50;Friday;85.2;46.13947510285159;4.0
CAI Galerias;4.641682;-74.074534;L50;Saturday;87.9;46.952462352462646;4.0
CAI Galerias;4.641682;-74.074534;L50;Sunday;82.5;44.22674627745878;4.4
CAI Galerias;4.641682;-74.074534;L90;Monday;86.8;40.04044812330489;2.9
CAI Galerias;4.641682;-74.074534;L90;Tuesday;91.2;40.141029802714385;-0.1
CAI Galerias;4.641682;-74.074534;L90;Wednesday;84.4;40.56044725614231;-0.1
CAI Galerias;4.641682;-74.074534;L90;Thursday;85.6;40.86365680136617;2.8
CAI Galerias;4.641682;-74.074534;L90;Friday;84.5;41.22122854305581;3.0
CAI Galerias;4.641682;-74.074534;L90;Saturday;85.4;42.176876950210335;2.7
CAI Galerias;4.641682;-74.074534;L90;Sunday;80.2;39.159554769276085;3.0
CAI Galerias;4.641682;-74.074534;Leq;Monday;80.7;49.7151818769459;3.8
CAI Galerias;4.641682;-74.074534;Leq;Tuesday;83.7;49.70754738722124;0.0
CAI Galerias;4.641682;-74.074534;Leq;Wednesday;78.9;50.367026110134944;0.0
CAI Galerias;4.641682;-74.074534;Leq;Thursday;78.2;50.5198177876724;5.7
CAI Galerias;4.641682;-74.074534;Leq;Friday;76.1;50.6288509842866;6.4
CAI Galerias;4.641682;-74.074534;Leq;Saturday;86.6;51.083755097480434;6.3
CAI Galerias;4.641682;-74.074534;Leq;Sunday;77.6;48.82845565470738;7.2
CAI Galerias;4.641682;-74.074534;Lmax;Monday;124.7;71.74243185385964;3.8
CAI Galerias;4.641682;-74.074534;Lmax;Tuesday;127.9;71.41905694697066;0.0
CAI Galerias;4.641682;-74.074534;Lmax;Wednesday;125.6;72.30763866411606;0.0
CAI Galerias;4.641682;-74.074534;Lmax;Thursday;129.3;72.60515367103;6.1
CAI Galerias;4.641682;-74.074534;Lmax;Friday;128.1;72.55420910767437;6.4
CAI Galerias;4.641682;-74.074534;Lmax;Saturday;127.2;73.0123592456925;6.3
CAI Galerias;4.641682;-74.074534;Lmax;Sunday;126.0;71.14651629072654;10.9
CAI Galerias;4.641682;-74.074534;Lmin;Monday;86.9;34.60613672042242;0.0
CAI Galerias;4.641682;-74.074534;Lmin;Tuesday;91.3;34.756896599971775;0.0
CAI Galerias;4.641682;-74.074534;Lmin;Wednesday;84.0;35.007665146388135;0.0
CAI Galerias;4.641682;-74.074534;Lmin;Thursday;81.8;35.36816163915747;0.0
CAI Galerias;4.641682;-74.074534;Lmin;Friday;84.6;35.75500070931996;0.0
CAI Galerias;4.641682;-74.074534;Lmin;Saturday;82.3;36.611878985212705;2.2
CAI Galerias;4.641682;-74.074534;Lmin;Sunday;77.1;33.78076662243833;0.0
CAI Jaboque;4.7035;-74.129137;L10;Monday;99.4;53.723235041511366;2.5
CAI Jaboque;4.7035;-74.129137;L10;Tuesday;101.4;54.316840575497515;4.0
CAI Jaboque;4.7035;-74.129137;L10;Wednesday;108.0;54.17356702845357;3.7
CAI Jaboque;4.7035;-74.129137;L10;Thursday;103.9;54.3452439024386;2.3
CAI Jaboque;4.7035;-74.129137;L10;Friday;97.5;54.09843586524412;6.0
CAI Jaboque;4.7035;-74.129137;L10;Saturday;102.9;54.16899378882006;2.3
CAI Jaboque;4.7035;-74.129137;L10;Sunday;99.7;52.578823358089295;2.7
CAI Jaboque;4.7035;-74.129137;L50;Monday;93.8;45.53467792728286;2.5
CAI Jaboque;4.7035;-74.129137;L50;Tuesday;89.4;45.993692834798146;2.7
CAI Jaboque;4.7035;-74.129137;L50;Wednesday;90.6;45.8159152752009;2.6
CAI Jaboque;4.7035;-74.129137;L50;Thursday;97.8;46.17635307781641;2.3
CAI Jaboque;4.7035;-74.129137;L50;Friday;91.0;46.00838682071012;2.5
CAI Jaboque;4.7035;-74.129137;L50;Saturday;93.4;46.256952380952534;2.3
CAI Jaboque;4.7035;-74.129137;L50;Sunday;93.2;44.48198339886433;2.7
CAI Jaboque;4.7035;-74.129137;L90;Monday;87.0;39.4296106498715;2.1
CAI Jaboque;4.7035;-74.129137;L90;Tuesday;84.3;39.927106525214974;2.1
CAI Jaboque;4.7035;-74.129137;L90;Wednesday;82.9;39.85845702552078;2.1
CAI Jaboque;4.7035;-74.129137;L90;Thursday;83.4;40.09616434378637;2.1
CAI Jaboque;4.7035;-74.129137;L90;Friday;88.0;40.13431680267855;2.0
CAI Jaboque;4.7035;-74.129137;L90;Saturday;83.5;40.26893029675672;2.0
CAI Jaboque;4.7035;-74.129137;L90;Sunday;83.3;38.42225717198194;2.3
CAI Jaboque;4.7035;-74.129137;Leq;Monday;82.3;51.01557526818343;2.6
CAI Jaboque;4.7035;-74.129137;Leq;Tuesday;81.5;51.602665908683065;4.1
CAI Jaboque;4.7035;-74.129137;Leq;Wednesday;86.2;51.482066070781606;3.8
CAI Jaboque;4.7035;-74.129137;Leq;Thursday;86.4;51.64745636059288;2.4
CAI Jaboque;4.7035;-74.129137;Leq;Friday;82.3;51.46967519711546;6.1
CAI Jaboque;4.7035;-74.129137;Leq;Saturday;93.4;51.49067416368502;2.4
CAI Jaboque;4.7035;-74.129137;Leq;Sunday;83.5;50.027217125382435;2.8
CAI Jaboque;4.7035;-74.129137;Lmax;Monday;130.7;73.79475522473572;2.6
CAI Jaboque;4.7035;-74.129137;Lmax;Tuesday;136.6;74.34549338758892;4.1
CAI Jaboque;4.7035;-74.129137;Lmax;Wednesday;125.3;74.30300674684675;3.8
CAI Jaboque;4.7035;-74.129137;Lmax;Thursday;128.1;74.31255516840952;2.4
CAI Jaboque;4.7035;-74.129137;Lmax;Friday;132.2;74.14459353421243;6.1
CAI Jaboque;4.7035;-74.129137;Lmax;Saturday;141.4;74.31752104899972;2.4
CAI Jaboque;4.7035;-74.129137;Lmax;Sunday;127.9;73.13783020241786;2.8
CAI Jaboque;4.7035;-74.129137;Lmin;Monday;83.1;32.33420269109666;1.6
CAI Jaboque;4.7035;-74.129137;Lmin;Tuesday;83.5;32.729242842609864;0.0
CAI Jaboque;4.7035;-74.129137;Lmin;Wednesday;82.6;32.67703725432631;0.0
CAI Jaboque;4.7035;-74.129137;Lmin;Thursday;83.2;32.93912311265953;1.0
CAI Jaboque;4.7035;-74.129137;Lmin;Friday;88.1;33.13855147520408;0.0
CAI Jaboque;4.7035;-74.129137;Lmin;Saturday;80.6;33.1166459627329;1.5
CAI Jaboque;4.7035;-74.129137;Lmin;Sunday;83.4;31.331708169506374;1.6
CAI Las Ferias;4.682945;-74.090409;L10;Monday;104.7;58.334883637665946;5.6
CAI Las Ferias;4.682945;-74.090409;L10;Tuesday;94.4;58.87278670760353;5.1
CAI Las Ferias;4.682945;-74.090409;L10;Wednesday;107.4;58.85256374432413;4.3
CAI Las Ferias;4.682945;-74.090409;L10;Thursday;98.3;58.897149791955854;5.0
CAI Las Ferias;4.682945;-74.090409;L10;Friday;95.2;58.92236071428552;4.4
CAI Las Ferias;4.682945;-74.090409;L10;Saturday;97.4;59.0678387334311;4.6
CAI Las Ferias;4.682945;-74.090409;L10;Sunday;92.2;57.15951798812438;6.6
CAI Las Ferias;4.682945;-74.090409;L50;Monday;101.2;51.07088435374168;4.9
CAI Las Ferias;4.682945;-74.090409;L50;Tuesday;90.7;51.63117899050131;5.1
CAI Las Ferias;4.682945;-74.090409;L50;Wednesday;92.8;51.54090166975879;4.3
CAI Las Ferias;4.682945;-74.090409;L50;Thursday;89.3;51.7029819694862;5.0
CAI Las Ferias;4.682945;-74.090409;L50;Friday;92.9;51.765428571428885;4.4
CAI Las Ferias;4.682945;-74.090409;L50;Saturday;90.0;52.070125184094515;4.4
CAI Las Ferias;4.682945;-74.090409;L50;Sunday;87.6;49.62028990569321;5.8
CAI Las Ferias;4.682945;-74.090409;L90;Monday;86.5;44.938571428571535;3.4
CAI Las Ferias;4.682945;-74.090409;L90;Tuesday;87.0;45.57786165793771;3.2
CAI Las Ferias;4.682945;-74.090409;L90;Wednesday;90.3;45.58007334963304;3.2
CAI Las Ferias;4.682945;-74.090409;L90;Thursday;86.9;45.552766990291225;3.6
CAI Las Ferias;4.682945;-74.090409;L90;Friday;92.9;45.74009285714281;3.5
CAI Las Ferias;4.682945;-74.090409;L90;Saturday;86.6;46.18017304860103;3.1
CAI Las Ferias;4.682945;-74.090409;L90;Sunday;84.9;43.35037722668506;3.0
CAI Las Ferias;4.682945;-74.090409;Leq;Monday;83.1;55.32325298540421;5.7
CAI Las Ferias;4.682945;-74.090409;Leq;Tuesday;80.9;55.92679036216219;5.2
CAI Las Ferias;4.682945;-74.090409;Leq;Wednesday;85.8;55.86007478786098;4.4
CAI Las Ferias;4.682945;-74.090409;Leq;Thursday;85.4;55.94330739577331;5.1
CAI Las Ferias;4.682945;-74.090409;Leq;Friday;80.5;55.998455882352474;4.5
CAI Las Ferias;4.682945;-74.090409;Leq;Saturday;80.3;56.12147892662219;4.7
CAI Las Ferias;4.682945;-74.090409;Leq;Sunday;77.1;54.06503667481622;6.7
CAI Las Ferias;4.682945;-74.090409;Lmax;Monday;126.3;77.11499820981025;5.7
CAI Las Ferias;4.682945;-74.090409;Lmax;Tuesday;131.9;77.74861116127802;5.2
CAI Las Ferias;4.682945;-74.090409;Lmax;Wednesday;137.6;77.49660495983191;4.4
CAI Las Ferias;4.682945;-74.090409;Lmax;Thursday;135.2;77.79292302357857;5.1
CAI Las Ferias;4.682945;-74.090409;Lmax;Friday;137.1;77.86685357142845;4.5
CAI Las Ferias;4.682945;-74.090409;Lmax;Saturday;128.1;78.09474226804139;4.7
CAI Las Ferias;4.682945;-74.090409;Lmax;Sunday;128.9;76.06236814530234;6.7
CAI Las Ferias;4.682945;-74.090409;Lmin;Monday;82.7;37.68496240601505;0.0
CAI Las Ferias;4.682945;-74.090409;Lmin;Tuesday;85.9;38.4301968575044;0.0
CAI Las Ferias;4.682945;-74.090409;Lmin;Wednesday;90.4;38.47329724065689;0.0
CAI Las Ferias;4.682945;-74.090409;Lmin;Thursday;84.1;38.4137205270459;0.0
CAI Las Ferias;4.682945;-74.090409;Lmin;Friday;93.0;38.60967857142855;2.3
CAI Las Ferias;4.682945;-74.090409;Lmin;Saturday;83.3;39.051991899853;2.5
CAI Las Ferias;4.682945;-74.090409;Lmin;Sunday;82.7;36.176538595878746;1.6
CAI Navarra;4.695576;-74.05525899999999;L10;Monday;94.8;54.87216237314636;-0.1
CAI Navarra;4.695576;-74.05525899999999;L10;Tuesday;90.3;54.99214738749718;-0.1
CAI Navarra;4.695576;-74.05525899999999;L10;Wednesday;93.0;55.082368583794825;-0.1
CAI Navarra;4.695576;-74.05525899999999;L10;Thursday;94.0;54.97694677033218;-0.1
CAI Navarra;4.695576;-74.05525899999999;L10;Friday;96.2;55.56675097276101;-0.1
CAI Navarra;4.695576;-74.05525899999999;L10;Saturday;92.6;55.50515765765851;-0.1
CAI Navarra;4.695576;-74.05525899999999;L10;Sunday;89.8;53.32933140933261;-0.1
CAI Navarra;4.695576;-74.05525899999999;L50;Monday;87.4;49.78045589383397;-0.1
CAI Navarra;4.695576;-74.05525899999999;L50;Tuesday;87.4;50.13733188720295;-0.1
CAI Navarra;4.695576;-74.05525899999999;L50;Wednesday;87.5;50.020714285715016;-0.1
CAI Navarra;4.695576;-74.05525899999999;L50;Thursday;90.7;50.197505980862566;-0.1
CAI Navarra;4.695576;-74.05525899999999;L50;Friday;93.1;50.610150083378265;-0.1
CAI Navarra;4.695576;-74.05525899999999;L50;Saturday;86.8;50.62986164736203;-0.1
CAI Navarra;4.695576;-74.05525899999999;L50;Sunday;85.7;48.14110630110727;-0.1
CAI Navarra;4.695576;-74.05525899999999;L90;Monday;85.5;45.47988758782241;-0.1
CAI Navarra;4.695576;-74.05525899999999;L90;Tuesday;85.5;46.14206282090085;-0.1
CAI Navarra;4.695576;-74.05525899999999;L90;Wednesday;85.6;46.05304885590688;-0.1
CAI Navarra;4.695576;-74.05525899999999;L90;Thursday;87.2;46.1741746411494;-0.1
CAI Navarra;4.695576;-74.05525899999999;L90;Friday;88.3;46.49214285714354;-0.1
CAI Navarra;4.695576;-74.05525899999999;L90;Saturday;85.7;46.602500000000795;-0.1
CAI Navarra;4.695576;-74.05525899999999;L90;Sunday;83.9;43.781208914543164;-0.1
CAI Navarra;4.695576;-74.05525899999999;Leq;Monday;88.3;52.064532304725354;0.0
CAI Navarra;4.695576;-74.05525899999999;Leq;Tuesday;74.1;52.24443166272854;0.0
CAI Navarra;4.695576;-74.05525899999999;Leq;Wednesday;85.8;52.342300101859216;0.0
CAI Navarra;4.695576;-74.05525899999999;Leq;Thursday;78.3;52.27299876847315;0.0
CAI Navarra;4.695576;-74.05525899999999;Leq;Friday;78.5;52.84247539482693;0.0
CAI Navarra;4.695576;-74.05525899999999;Leq;Saturday;74.6;52.6988705617382;0.0
CAI Navarra;4.695576;-74.05525899999999;Leq;Sunday;76.8;50.380553905063955;0.0
CAI Navarra;4.695576;-74.05525899999999;Lmax;Monday;139.7;70.66252927400464;0.0
CAI Navarra;4.695576;-74.05525899999999;Lmax;Tuesday;121.4;70.50037450921164;0.0
CAI Navarra;4.695576;-74.05525899999999;Lmax;Wednesday;137.6;70.78582251082246;0.0
CAI Navarra;4.695576;-74.05525899999999;Lmax;Thursday;128.1;70.68579246411497;0.0
CAI Navarra;4.695576;-74.05525899999999;Lmax;Friday;125.2;71.58951639799969;0.0
CAI Navarra;4.695576;-74.05525899999999;Lmax;Saturday;122.3;71.1276480051482;0.0
CAI Navarra;4.695576;-74.05525899999999;Lmax;Sunday;128.1;68.62341189674524;0.0
CAI Navarra;4.695576;-74.05525899999999;Lmin;Monday;82.8;39.25048243559725;0.0
CAI Navarra;4.695576;-74.05525899999999;Lmin;Tuesday;82.9;40.09475385080048;0.0
CAI Navarra;4.695576;-74.05525899999999;Lmin;Wednesday;85.2;40.034826839826835;0.0
CAI Navarra;4.695576;-74.05525899999999;Lmin;Thursday;83.2;40.21085227272719;0.0
CAI Navarra;4.695576;-74.05525899999999;Lmin;Friday;84.9;40.570628126736935;0.0
CAI Navarra;4.695576;-74.05525899999999;Lmin;Saturday;85.8;40.63225868725881;0.0
CAI Navarra;4.695576;-74.05525899999999;Lmin;Sunday;81.3;37.43427288760641;0.0
CAI Normandia;4.67024;-74.10749100000001;L10;Monday;96.6;61.62890734347411;6.3
CAI Normandia;4.67024;-74.10749100000001;L10;Tuesday;97.3;61.66664760675195;7.8
CAI Normandia;4.67024;-74.10749100000001;L10;Wednesday;97.4;61.751881044925355;5.5
CAI Normandia;4.67024;-74.10749100000001;L10;Thursday;95.8;61.99589401519434;6.1
CAI Normandia;4.67024;-74.10749100000001;L10;Friday;96.9;62.57831206686889;9.8
CAI Normandia;4.67024;-74.10749100000001;L10;Saturday;97.0;62.6358407273051;11.9
CAI Normandia;4.67024;-74.10749100000001;L10;Sunday;93.4;60.494552355003;8.9
CAI Normandia;4.67024;-74.10749100000001;L50;Monday;93.2;55.632415660142726;5.9
CAI Normandia;4.67024;-74.10749100000001;L50;Tuesday;92.5;55.51595944967435;5.8
CAI Normandia;4.67024;-74.10749100000001;L50;Wednesday;91.8;55.429171270718896;2.4
CAI Normandia;4.67024;-74.10749100000001;L50;Thursday;92.5;55.82225314368232;6.1
CAI Normandia;4.67024;-74.10749100000001;L50;Friday;93.6;56.429570033715144;5.9
CAI Normandia;4.67024;-74.10749100000001;L50;Saturday;92.7;56.83635401126276;6.6
CAI Normandia;4.67024;-74.10749100000001;L50;Sunday;90.9;54.44332132259493;6.0
CAI Normandia;4.67024;-74.10749100000001;L90;Monday;88.9;49.74239432677145;3.3
CAI Normandia;4.67024;-74.10749100000001;L90;Tuesday;89.1;50.142217098589505;3.5
CAI Normandia;4.67024;-74.10749100000001;L90;Wednesday;91.6;50.06464792551778;2.0
CAI Normandia;4.67024;-74.10749100000001;L90;Thursday;90.7;50.435110246434085;4.1
CAI Normandia;4.67024;-74.10749100000001;L90;Friday;92.2;50.99617975792959;3.8
CAI Normandia;4.67024;-74.10749100000001;L90;Saturday;92.1;51.61895624808838;3.8
CAI Normandia;4.67024;-74.10749100000001;L90;Sunday;90.9;48.87861619307245;4.0
CAI Normandia;4.67024;-74.10749100000001;Leq;Monday;84.2;58.74203711530282;6.4
CAI Normandia;4.67024;-74.10749100000001;Leq;Tuesday;86.6;58.8616640716964;7.8
CAI Normandia;4.67024;-74.10749100000001;Leq;Wednesday;83.2;58.94377628885124;6.3
CAI Normandia;4.67024;-74.10749100000001;Leq;Thursday;84.8;59.17258525978485;6.2
CAI Normandia;4.67024;-74.10749100000001;Leq;Friday;84.2;59.752511823854356;10.0
CAI Normandia;4.67024;-74.10749100000001;Leq;Saturday;84.8;59.887188427967075;12.0
CAI Normandia;4.67024;-74.10749100000001;Leq;Sunday;85.0;57.70841080301358;9.0
CAI Normandia;4.67024;-74.10749100000001;Lmax;Monday;130.0;79.79436409442846;6.4
CAI Normandia;4.67024;-74.10749100000001;Lmax;Tuesday;140.3;79.92314857511712;9.6
CAI Normandia;4.67024;-74.10749100000001;Lmax;Wednesday;127.5;79.97795715447737;6.3
CAI Normandia;4.67024;-74.10749100000001;Lmax;Thursday;128.0;80.32963127663476;6.2
CAI Normandia;4.67024;-74.10749100000001;Lmax;Friday;125.8;80.97906684940946;10.0
CAI Normandia;4.67024;-74.10749100000001;Lmax;Saturday;126.3;80.89693824030714;12.0
CAI Normandia;4.67024;-74.10749100000001;Lmax;Sunday;128.9;78.81581159984408;9.0
CAI Normandia;4.67024;-74.10749100000001;Lmin;Monday;85.3;42.08916301203729;2.7
CAI Normandia;4.67024;-74.10749100000001;Lmin;Tuesday;88.4;42.77566171723655;0.0
CAI Normandia;4.67024;-74.10749100000001;Lmin;Wednesday;87.1;42.60514869384462;1.5
CAI Normandia;4.67024;-74.10749100000001;Lmin;Thursday;90.4;43.01115619788824;2.9
CAI Normandia;4.67024;-74.10749100000001;Lmin;Friday;92.3;43.65249116846559;2.8
CAI Normandia;4.67024;-74.10749100000001;Lmin;Saturday;92.2;44.22547751212909;2.7
CAI Normandia;4.67024;-74.10749100000001;Lmin;Sunday;91.0;40.95987154534889;0.0
CAI Quirigua;4.706249;-74.107274;L10;Monday;95.1;58.81017870847425;3.7
CAI Quirigua;4.706249;-74.107274;L10;Tuesday;97.1;59.727621217051045;8.0
CAI Quirigua;4.706249;-74.107274;L10;Wednesday;98.9;59.837924789601836;7.9
CAI Quirigua;4.706249;-74.107274;L10;Thursday;95.5;59.88533806299037;9.2
CAI Quirigua;4.706249;-74.107274;L10;Friday;94.3;59.957898519163564;9.5
CAI Quirigua;4.706249;-74.107274;L10;Saturday;94.1;59.273374327440585;9.3
CAI Quirigua;4.706249;-74.107274;L10;Sunday;92.5;57.33772467532407;11.0
CAI Quirigua;4.706249;-74.107274;L50;Monday;88.8;52.29716217848042;3.7
CAI Quirigua;4.706249;-74.107274;L50;Tuesday;97.1;53.419054926317656;8.0
CAI Quirigua;4.706249;-74.107274;L50;Wednesday;88.9;53.407331583551624;7.9
CAI Quirigua;4.706249;-74.107274;L50;Thursday;89.3;53.44796142254322;9.2
CAI Quirigua;4.706249;-74.107274;L50;Friday;89.2;53.59562446167075;9.3
CAI Quirigua;4.706249;-74.107274;L50;Saturday;88.6;53.01565743316754;5.4
CAI Quirigua;4.706249;-74.107274;L50;Sunday;88.2;50.819968127489176;8.9
CAI Quirigua;4.706249;-74.107274;L90;Monday;85.4;47.03040894638681;3.7
CAI Quirigua;4.706249;-74.107274;L90;Tuesday;97.1;48.275509274324385;5.5
CAI Quirigua;4.706249;-74.107274;L90;Wednesday;86.3;48.299088100564425;3.8
CAI Quirigua;4.706249;-74.107274;L90;Thursday;86.1;48.391084596366696;6.0
CAI Quirigua;4.706249;-74.107274;L90;Friday;86.0;48.585206881532535;5.4
CAI Quirigua;4.706249;-74.107274;L90;Saturday;88.4;48.090820248160234;3.2
CAI Quirigua;4.706249;-74.107274;L90;Sunday;84.5;45.55061610389559;4.7
CAI Quirigua;4.706249;-74.107274;Leq;Monday;78.9;55.77012324500058;3.8
CAI Quirigua;4.706249;-74.107274;Leq;Tuesday;88.9;56.700625307070325;8.1
CAI Quirigua;4.706249;-74.107274;Leq;Wednesday;81.3;56.783561433521925;8.0
CAI Quirigua;4.706249;-74.107274;Leq;Thursday;92.7;56.8368233523657;9.3
CAI Quirigua;4.706249;-74.107274;Leq;Friday;78.8;56.913280129124416;9.6
CAI Quirigua;4.706249;-74.107274;Leq;Saturday;80.2;56.268924356829515;9.4
CAI Quirigua;4.706249;-74.107274;Leq;Sunday;79.6;54.40776042780796;12.2
CAI Quirigua;4.706249;-74.107274;Lmax;Monday;129.7;76.92971823265064;3.8
CAI Quirigua;4.706249;-74.107274;Lmax;Tuesday;141.6;77.73151968760232;8.1
CAI Quirigua;4.706249;-74.107274;Lmax;Wednesday;122.4;77.8805390433583;8.0
CAI Quirigua;4.706249;-74.107274;Lmax;Thursday;142.6;77.84661292056444;9.3
CAI Quirigua;4.706249;-74.107274;Lmax;Friday;133.9;78.01344947735217;9.6
CAI Quirigua;4.706249;-74.107274;Lmax;Saturday;123.4;77.37845832875801;9.4
CAI Quirigua;4.706249;-74.107274;Lmax;Sunday;132.1;76.0525236363644;12.2
CAI Quirigua;4.706249;-74.107274;Lmin;Monday;84.4;39.95332529327951;2.7
CAI Quirigua;4.706249;-74.107274;Lmin;Tuesday;97.2;41.40735003796515;2.8
CAI Quirigua;4.706249;-74.107274;Lmin;Wednesday;84.4;41.40291893043608;0.0
CAI Quirigua;4.706249;-74.107274;Lmin;Thursday;82.7;41.567640546060524;1.0
CAI Quirigua;4.706249;-74.107274;Lmin;Friday;83.9;41.84257839721281;0.0
CAI Quirigua;4.706249;-74.107274;Lmin;Saturday;88.5;41.40880202042413;1.0
CAI Quirigua;4.706249;-74.107274;Lmin;Sunday;82.7;38.47379116883091;2.4
CAI Rincon;4.723542;-74.091631;L10;Monday;97.4;55.38774792542748;4.0
CAI Rincon;4.723542;-74.091631;L10;Tuesday;102.0;56.403114314272564;3.9
CAI Rincon;4.723542;-74.091631;L10;Wednesday;107.9;56.528176774800585;5.3
CAI Rincon;4.723542;-74.091631;L10;Thursday;104.7;56.53427429750006;5.4
CAI Rincon;4.723542;-74.091631;L10;Friday;98.1;56.86704916076666;4.9
CAI Rincon;4.723542;-74.091631;L10;Saturday;102.6;57.21525650557651;9.2
CAI Rincon;4.723542;-74.091631;L10;Sunday;102.3;56.013078696742255;6.3
CAI Rincon;4.723542;-74.091631;L50;Monday;89.1;47.76425603188774;2.4
CAI Rincon;4.723542;-74.091631;L50;Tuesday;98.2;48.794018539147594;3.0
CAI Rincon;4.723542;-74.091631;L50;Wednesday;95.5;48.56386227870126;2.5
CAI Rincon;4.723542;-74.091631;L50;Thursday;94.7;48.82429790663612;2.7
CAI Rincon;4.723542;-74.091631;L50;Friday;93.2;49.337014234565196;4.5
CAI Rincon;4.723542;-74.091631;L50;Saturday;99.3;49.97825539358642;5.2
CAI Rincon;4.723542;-74.091631;L50;Sunday;94.1;48.828059113301215;6.3
CAI Rincon;4.723542;-74.091631;L90;Monday;84.9;42.2949000855883;1.9
CAI Rincon;4.723542;-74.091631;L90;Tuesday;97.7;42.86464306381225;2.3
CAI Rincon;4.723542;-74.091631;L90;Wednesday;95.3;42.745685002351756;2.0
CAI Rincon;4.723542;-74.091631;L90;Thursday;90.1;42.990702684786626;2.1
CAI Rincon;4.723542;-74.091631;L90;Friday;91.4;43.445437912656146;2.6
CAI Rincon;4.723542;-74.091631;L90;Saturday;99.3;44.39715135422255;3.8
CAI Rincon;4.723542;-74.091631;L90;Sunday;87.4;43.50856741854716;3.6
CAI Rincon;4.723542;-74.091631;Leq;Monday;82.4;52.50935655706233;4.1
CAI Rincon;4.723542;-74.091631;Leq;Tuesday;95.7;53.53475206760809;4.0
CAI Rincon;4.723542;-74.091631;Leq;Wednesday;93.6;53.67263928142771;5.4
CAI Rincon;4.723542;-74.091631;Leq;Thursday;88.8;53.62864184424035;6.7
CAI Rincon;4.723542;-74.091631;Leq;Friday;84.3;53.98457821457823;5.0
CAI Rincon;4.723542;-74.091631;Leq;Saturday;87.8;54.32645090750005;9.3
CAI Rincon;4.723542;-74.091631;Leq;Sunday;85.0;53.14789473684306;6.4
CAI Rincon;4.723542;-74.091631;Lmax;Monday;133.1;74.97356640494174;4.1
CAI Rincon;4.723542;-74.091631;Lmax;Tuesday;140.8;76.27075771125895;4.0
CAI Rincon;4.723542;-74.091631;Lmax;Wednesday;132.5;76.46412787964165;5.4
CAI Rincon;4.723542;-74.091631;Lmax;Thursday;128.7;76.0821787647768;9.3
CAI Rincon;4.723542;-74.091631;Lmax;Friday;139.5;76.82324994033837;5.0
CAI Rincon;4.723542;-74.091631;Lmax;Saturday;141.1;77.00638130642547;9.3
CAI Rincon;4.723542;-74.091631;Lmax;Sunday;132.1;76.03702255639;6.4
CAI Rincon;4.723542;-74.091631;Lmin;Monday;84.8;35.35637814907188;0.0
CAI Rincon;4.723542;-74.091631;Lmin;Tuesday;97.4;35.85521770389496;1.6
CAI Rincon;4.723542;-74.091631;Lmin;Wednesday;95.0;35.65492994828423;1.5
CAI Rincon;4.723542;-74.091631;Lmin;Thursday;89.3;35.94835377306394;1.7
CAI Rincon;4.723542;-74.091631;Lmin;Friday;91.5;36.33029194177063;1.8
CAI Rincon;4.723542;-74.091631;Lmin;Saturday;99.4;37.352637280934864;0.0
CAI Rincon;4.723542;-74.091631;Lmin;Sunday;86.6;36.583731328320944;0.0
CAI Roma;4.613436838999999;-74.1756025;L10;Monday;96.2;61.602576783745306;8.3
CAI Roma;4.613436838999999;-74.1756025;L10;Tuesday;95.1;62.77369795972334;6.6
CAI Roma;4.613436838999999;-74.1756025;L10;Wednesday;107.4;62.23644465894425;8.9
CAI Roma;4.613436838999999;-74.1756025;L10;Thursday;102.2;62.78653203112063;11.4
CAI Roma;4.613436838999999;-74.1756025;L10;Friday;100.5;61.377519593964934;8.1
CAI Roma;4.613436838999999;-74.1756025;L10;Saturday;97.0;62.25512583740691;11.8
CAI Roma;4.613436838999999;-74.1756025;L10;Sunday;93.7;60.80587936507996;11.4
CAI Roma;4.613436838999999;-74.1756025;L50;Monday;91.9;55.01532879818562;6.7
CAI Roma;4.613436838999999;-74.1756025;L50;Tuesday;91.0;56.48722171081778;6.4
CAI Roma;4.613436838999999;-74.1756025;L50;Wednesday;90.8;55.85736394557779;8.2
CAI Roma;4.613436838999999;-74.1756025;L50;Thursday;91.1;56.49263446385733;11.5
CAI Roma;4.613436838999999;-74.1756025;L50;Friday;91.5;55.300934510397454;4.7
CAI Roma;4.613436838999999;-74.1756025;L50;Saturday;91.3;55.927296759007405;8.6
CAI Roma;4.613436838999999;-74.1756025;L50;Sunday;90.1;54.08598095238044;11.4
CAI Roma;4.613436838999999;-74.1756025;L90;Monday;91.9;48.93786738068945;6.1
CAI Roma;4.613436838999999;-74.1756025;L90;Tuesday;90.6;50.35812969147877;6.3
CAI Roma;4.613436838999999;-74.1756025;L90;Wednesday;87.6;49.83127734877707;8.0
CAI Roma;4.613436838999999;-74.1756025;L90;Thursday;87.6;50.33880814434691;11.2
CAI Roma;4.613436838999999;-74.1756025;L90;Friday;88.3;48.94107654593748;2.3
CAI Roma;4.613436838999999;-74.1756025;L90;Saturday;87.8;49.946293680970214;4.6
CAI Roma;4.613436838999999;-74.1756025;L90;Sunday;87.5;47.922238095237915;10.1
CAI Roma;4.613436838999999;-74.1756025;Leq;Monday;87.6;58.47674622219352;8.2
CAI Roma;4.613436838999999;-74.1756025;Leq;Tuesday;84.6;59.66249063542865;6.6
CAI Roma;4.613436838999999;-74.1756025;Leq;Wednesday;91.0;59.13644674085813;9.1
CAI Roma;4.613436838999999;-74.1756025;Leq;Thursday;86.3;59.67144025628817;11.5
CAI Roma;4.613436838999999;-74.1756025;Leq;Friday;86.8;58.33688944187686;8.4
CAI Roma;4.613436838999999;-74.1756025;Leq;Saturday;86.0;59.119835234474415;11.9
CAI Roma;4.613436838999999;-74.1756025;Leq;Sunday;82.9;57.627993464052516;11.5
CAI Roma;4.613436838999999;-74.1756025;Lmax;Monday;135.4;79.8330256733339;11.6
CAI Roma;4.613436838999999;-74.1756025;Lmax;Tuesday;141.7;80.89267550676203;6.7
CAI Roma;4.613436838999999;-74.1756025;Lmax;Wednesday;141.3;80.4400707850708;11.2
CAI Roma;4.613436838999999;-74.1756025;Lmax;Thursday;141.5;80.86540970038143;11.5
CAI Roma;4.613436838999999;-74.1756025;Lmax;Friday;138.5;79.70598004350407;8.4
CAI Roma;4.613436838999999;-74.1756025;Lmax;Saturday;140.6;80.62288249139958;11.9
CAI Roma;4.613436838999999;-74.1756025;Lmax;Sunday;134.8;79.15174285714298;11.5
CAI Roma;4.613436838999999;-74.1756025;Lmin;Monday;92.0;41.43546700267751;2.4
CAI Roma;4.613436838999999;-74.1756025;Lmin;Tuesday;90.7;42.865761714229194;3.6
CAI Roma;4.613436838999999;-74.1756025;Lmin;Wednesday;84.0;42.357648005147816;4.4
CAI Roma;4.613436838999999;-74.1756025;Lmin;Thursday;86.1;42.864654858467325;6.3
CAI Roma;4.613436838999999;-74.1756025;Lmin;Friday;88.4;41.67356627421202;1.8
CAI Roma;4.613436838999999;-74.1756025;Lmin;Saturday;83.6;42.57155893536125;3.7
CAI Roma;4.613436838999999;-74.1756025;Lmin;Sunday;87.6;40.121933333333146;0.0
CAI San Victorino;4.601418;-74.081216;L10;Monday;97.7;60.56433159617039;3.6
CAI San Victorino;4.601418;-74.081216;L10;Tuesday;99.1;61.06472918317159;1.0
CAI San Victorino;4.601418;-74.081216;L10;Wednesday;119.6;61.3395266421974;8.5
CAI San Victorino;4.601418;-74.081216;L10;Thursday;97.8;60.737991783851804;1.3
CAI San Victorino;4.601418;-74.081216;L10;Friday;109.3;61.467049101412044;2.0
CAI San Victorino;4.601418;-74.081216;L10;Saturday;118.9;61.3860903607242;3.4
CAI San Victorino;4.601418;-74.081216;L10;Sunday;97.0;59.418731703457375;1.8
CAI San Victorino;4.601418;-74.081216;L50;Monday;91.3;52.99090615278959;3.6
CAI San Victorino;4.601418;-74.081216;L50;Tuesday;92.4;53.88606512946672;0.7
CAI San Victorino;4.601418;-74.081216;L50;Wednesday;92.8;54.3851748723788;3.1
CAI San Victorino;4.601418;-74.081216;L50;Thursday;91.8;53.64199715594889;0.8
CAI San Victorino;4.601418;-74.081216;L50;Friday;92.2;54.505624197688846;0.7
CAI San Victorino;4.601418;-74.081216;L50;Saturday;93.0;54.64351855550647;2.1
CAI San Victorino;4.601418;-74.081216;L50;Sunday;91.9;51.80822454308112;1.2
CAI San Victorino;4.601418;-74.081216;L90;Monday;88.8;45.463887205590886;0.9
CAI San Victorino;4.601418;-74.081216;L90;Tuesday;88.3;46.59915773672994;0.5
CAI San Victorino;4.601418;-74.081216;L90;Wednesday;90.3;47.51849554908635;1.0
CAI San Victorino;4.601418;-74.081216;L90;Thursday;91.5;46.40487438773872;0.4
CAI San Victorino;4.601418;-74.081216;L90;Friday;89.2;47.40296052631583;0.4
CAI San Victorino;4.601418;-74.081216;L90;Saturday;88.6;48.15597411416954;1.2
CAI San Victorino;4.601418;-74.081216;L90;Sunday;89.3;44.63174301764392;0.9
CAI San Victorino;4.601418;-74.081216;Leq;Monday;83.4;57.02327406294414;3.7
CAI San Victorino;4.601418;-74.081216;Leq;Tuesday;91.4;57.631443343386685;0.9
CAI San Victorino;4.601418;-74.081216;Leq;Wednesday;92.9;57.88855610776894;8.9
CAI San Victorino;4.601418;-74.081216;Leq;Thursday;91.0;57.366899281749824;1.3
CAI San Victorino;4.601418;-74.081216;Leq;Friday;91.6;58.009876492042316;1.4
CAI San Victorino;4.601418;-74.081216;Leq;Saturday;93.1;57.88907552620751;3.1
CAI San Victorino;4.601418;-74.081216;Leq;Sunday;85.6;55.806191760667296;1.5
CAI San Victorino;4.601418;-74.081216;Lmax;Monday;130.0;77.90357936411777;3.7
CAI San Victorino;4.601418;-74.081216;Lmax;Tuesday;138.4;78.28102822832811;5.6
CAI San Victorino;4.601418;-74.081216;Lmax;Wednesday;128.1;78.65137746276784;8.9
CAI San Victorino;4.601418;-74.081216;Lmax;Thursday;133.0;78.09287012166139;5.3
CAI San Victorino;4.601418;-74.081216;Lmax;Friday;137.9;78.64764521822812;3.6
CAI San Victorino;4.601418;-74.081216;Lmax;Saturday;130.3;78.41466464267104;6.3
CAI San Victorino;4.601418;-74.081216;Lmax;Sunday;139.4;76.82874040667791;5.6
CAI San Victorino;4.601418;-74.081216;Lmin;Monday;85.8;38.09389568941127;0.4
CAI San Victorino;4.601418;-74.081216;Lmin;Tuesday;87.4;39.502322478422194;0.0
CAI San Victorino;4.601418;-74.081216;Lmin;Wednesday;90.4;40.4052820318102;0.6
CAI San Victorino;4.601418;-74.081216;Lmin;Thursday;91.6;39.12345947227028;0.0
CAI San Victorino;4.601418;-74.081216;Lmin;Friday;85.6;40.210446084723905;0.0
CAI San Victorino;4.601418;-74.081216;Lmin;Saturday;84.9;41.218727279990226;0.7
CAI San Victorino;4.601418;-74.081216;Lmin;Sunday;86.5;36.88508980140821;0.4
CAI Serena;4.7100297069999995;-74.09424925;L10;Monday;97.0;62.63511293054761;9.8
CAI Serena;4.7100297069999995;-74.09424925;L10;Tuesday;97.6;63.34819247546251;12.6
CAI Serena;4.7100297069999995;-74.09424925;L10;Wednesday;101.1;63.160165152765906;1.3
CAI Serena;4.7100297069999995;-74.09424925;L10;Thursday;105.0;63.17184841875653;0.8
CAI Serena;4.7100297069999995;-74.09424925;L10;Friday;99.0;63.2110026275758;2.2
CAI Serena;4.7100297069999995;-74.09424925;L10;Saturday;98.3;63.12210686600174;9.4
CAI Serena;4.7100297069999995;-74.09424925;L10;Sunday;96.6;61.573982056590125;9.7
CAI Serena;4.7100297069999995;-74.09424925;L50;Monday;93.6;56.211293054771126;9.8
CAI Serena;4.7100297069999995;-74.09424925;L50;Tuesday;93.0;57.07518415178513;10.8
CAI Serena;4.7100297069999995;-74.09424925;L50;Wednesday;93.2;56.88348340548324;1.0
CAI Serena;4.7100297069999995;-74.09424925;L50;Thursday;99.4;57.03026990185382;0.8
CAI Serena;4.7100297069999995;-74.09424925;L50;Friday;93.1;56.89435256503374;1.3
CAI Serena;4.7100297069999995;-74.09424925;L50;Saturday;93.3;56.94903654484979;5.6
CAI Serena;4.7100297069999995;-74.09424925;L50;Sunday;92.0;54.962167011731324;7.6
CAI Serena;4.7100297069999995;-74.09424925;L90;Monday;88.0;49.1405590062107;9.3
CAI Serena;4.7100297069999995;-74.09424925;L90;Tuesday;88.2;50.0886913849505;8.6
CAI Serena;4.7100297069999995;-74.09424925;L90;Wednesday;88.8;49.966630883567134;0.7
CAI Serena;4.7100297069999995;-74.09424925;L90;Thursday;95.4;50.103358778625534;0.7
CAI Serena;4.7100297069999995;-74.09424925;L90;Friday;92.0;50.0166864887286;1.0
CAI Serena;4.7100297069999995;-74.09424925;L90;Saturday;88.5;50.211312292358926;2.2
CAI Serena;4.7100297069999995;-74.09424925;L90;Sunday;88.0;48.00869013112467;4.7
CAI Serena;4.7100297069999995;-74.09424925;Leq;Monday;79.7;59.24952046035801;9.9
CAI Serena;4.7100297069999995;-74.09424925;Leq;Tuesday;80.5;59.99552088010748;12.7
CAI Serena;4.7100297069999995;-74.09424925;Leq;Wednesday;86.9;59.816371982318344;1.6
CAI Serena;4.7100297069999995;-74.09424925;Leq;Thursday;89.7;59.81775089806913;0.9
CAI Serena;4.7100297069999995;-74.09424925;Leq;Friday;84.5;59.89409202209483;1.8
CAI Serena;4.7100297069999995;-74.09424925;Leq;Saturday;81.6;59.787975946192375;9.1
CAI Serena;4.7100297069999995;-74.09424925;Leq;Sunday;77.3;58.15853651605561;9.9
CAI Serena;4.7100297069999995;-74.09424925;Lmax;Monday;129.1;80.21625352907961;9.9
CAI Serena;4.7100297069999995;-74.09424925;Lmax;Tuesday;127.4;80.8610741548526;12.7
CAI Serena;4.7100297069999995;-74.09424925;Lmax;Wednesday;127.7;80.69712358932001;11.4
CAI Serena;4.7100297069999995;-74.09424925;Lmax;Thursday;131.8;80.27694111232245;0.9
CAI Serena;4.7100297069999995;-74.09424925;Lmax;Friday;139.8;80.8200387221685;8.3
CAI Serena;4.7100297069999995;-74.09424925;Lmax;Saturday;136.6;80.67866279069764;11.7
CAI Serena;4.7100297069999995;-74.09424925;Lmax;Sunday;122.3;79.36737888198743;19.3
CAI Serena;4.7100297069999995;-74.09424925;Lmin;Monday;83.3;41.77098249576504;3.6
CAI Serena;4.7100297069999995;-74.09424925;Lmin;Tuesday;84.0;42.83119411123196;0.0
CAI Serena;4.7100297069999995;-74.09424925;Lmin;Wednesday;88.8;42.72828791632251;0.4
CAI Serena;4.7100297069999995;-74.09424925;Lmin;Thursday;89.7;43.0286723009814;0.1
CAI Serena;4.7100297069999995;-74.09424925;Lmin;Friday;92.1;42.80706402987156;0.5
CAI Serena;4.7100297069999995;-74.09424925;Lmin;Saturday;85.0;43.23003322259121;1.1
CAI Serena;4.7100297069999995;-74.09424925;Lmin;Sunday;88.1;40.77970738440247;1.9
CAI Tejar;4.609127;-74.128176;L10;Monday;94.5;55.99629129349532;8.9
CAI Tejar;4.609127;-74.128176;L10;Tuesday;94.0;56.925731191885;7.5
CAI Tejar;4.609127;-74.128176;L10;Wednesday;110.0;56.813774198105726;4.5
CAI Tejar;4.609127;-74.128176;L10;Thursday;95.0;57.10158396946584;6.3
CAI Tejar;4.609127;-74.128176;L10;Friday;94.4;56.93947947947915;8.9
CAI Tejar;4.609127;-74.128176;L10;Saturday;93.6;56.60711546778143;5.8
CAI Tejar;4.609127;-74.128176;L10;Sunday;92.1;54.763978112984255;8.5
CAI Tejar;4.609127;-74.128176;L50;Monday;89.1;49.95484657172161;3.1
CAI Tejar;4.609127;-74.128176;L50;Tuesday;89.1;50.951137085137056;5.9
CAI Tejar;4.609127;-74.128176;L50;Wednesday;89.2;50.686778653188235;3.2
CAI Tejar;4.609127;-74.128176;L50;Thursday;90.9;51.08051799345686;5.8
CAI Tejar;4.609127;-74.128176;L50;Friday;91.8;50.93944801944783;3.0
CAI Tejar;4.609127;-74.128176;L50;Saturday;88.4;50.592258901542145;3.2
CAI Tejar;4.609127;-74.128176;L50;Sunday;86.0;48.48895001478838;5.2
CAI Tejar;4.609127;-74.128176;L90;Monday;86.9;45.03446777272077;2.0
CAI Tejar;4.609127;-74.128176;L90;Tuesday;87.1;46.20957171034096;2.2
CAI Tejar;4.609127;-74.128176;L90;Wednesday;87.0;45.92521689981647;2.1
CAI Tejar;4.609127;-74.128176;L90;Thursday;87.2;46.25724918211584;2.3
CAI Tejar;4.609127;-74.128176;L90;Friday;87.0;46.20232518232536;2.0
CAI Tejar;4.609127;-74.128176;L90;Saturday;85.4;45.81436355773404;2.1
CAI Tejar;4.609127;-74.128176;L90;Sunday;83.0;43.49727003845021;2.0
CAI Tejar;4.609127;-74.128176;Leq;Monday;74.6;53.158796324285035;11.4
CAI Tejar;4.609127;-74.128176;Leq;Tuesday;78.2;54.07917391808786;6.9
CAI Tejar;4.609127;-74.128176;Leq;Wednesday;86.3;53.951474951998776;4.6
CAI Tejar;4.609127;-74.128176;Leq;Thursday;75.9;54.187354063762314;6.4
CAI Tejar;4.609127;-74.128176;Leq;Friday;77.3;54.085082140964374;11.0
CAI Tejar;4.609127;-74.128176;Leq;Saturday;84.6;53.732623018935215;5.9
CAI Tejar;4.609127;-74.128176;Leq;Sunday;74.1;51.76191085129727;8.6
CAI Tejar;4.609127;-74.128176;Lmax;Monday;118.7;74.47845250330401;11.4
CAI Tejar;4.609127;-74.128176;Lmax;Tuesday;123.4;75.23252747252769;7.6
CAI Tejar;4.609127;-74.128176;Lmax;Wednesday;125.0;75.11741698459839;4.6
CAI Tejar;4.609127;-74.128176;Lmax;Thursday;123.4;75.1778789531086;6.4
CAI Tejar;4.609127;-74.128176;Lmax;Friday;119.8;75.27897611897704;15.6
CAI Tejar;4.609127;-74.128176;Lmax;Saturday;131.3;75.04793138244298;5.9
CAI Tejar;4.609127;-74.128176;Lmax;Sunday;124.6;73.04252587991705;8.6
CAI Tejar;4.609127;-74.128176;Lmin;Monday;83.3;38.06522096608428;1.4
CAI Tejar;4.609127;-74.128176;Lmin;Tuesday;85.0;39.34985911524376;1.5
CAI Tejar;4.609127;-74.128176;Lmin;Wednesday;83.6;39.111080966511125;1.5
CAI Tejar;4.609127;-74.128176;Lmin;Thursday;86.1;39.474588331515626;1.5
CAI Tejar;4.609127;-74.128176;Lmin;Friday;83.8;39.468754468754334;1.5
CAI Tejar;4.609127;-74.128176;Lmin;Saturday;82.2;39.06554418336434;1.5
CAI Tejar;4.609127;-74.128176;Lmin;Sunday;79.9;36.52404022478527;1.5
CAI Venecia;4.589878;-74.13838;L10;Monday;100.9;54.70970189328629;-0.1
CAI Venecia;4.589878;-74.13838;L10;Tuesday;95.7;55.2152512315259;-0.1
CAI Venecia;4.589878;-74.13838;L10;Wednesday;108.2;54.88358386294368;-0.1
CAI Venecia;4.589878;-74.13838;L10;Thursday;97.2;54.81135093920858;-0.1
CAI Venecia;4.589878;-74.13838;L10;Friday;97.7;55.237385868799514;-0.1
CAI Venecia;4.589878;-74.13838;L10;Saturday;96.4;55.76396817776383;-0.1
CAI Venecia;4.589878;-74.13838;L10;Sunday;104.1;53.97969111968961;-0.1
CAI Venecia;4.589878;-74.13838;L50;Monday;91.9;48.15997902464506;-0.1
CAI Venecia;4.589878;-74.13838;L50;Tuesday;90.7;48.627423044444654;-0.1
CAI Venecia;4.589878;-74.13838;L50;Wednesday;95.8;48.17738082017698;-0.1
CAI Venecia;4.589878;-74.13838;L50;Thursday;87.1;48.230467926865295;-0.1
CAI Venecia;4.589878;-74.13838;L50;Friday;88.5;48.768121362611986;-0.1
CAI Venecia;4.589878;-74.13838;L50;Saturday;91.2;49.49624468481771;-0.1
CAI Venecia;4.589878;-74.13838;L50;Sunday;94.5;47.52672737011066;-0.1
CAI Venecia;4.589878;-74.13838;L90;Monday;86.6;43.023551118759386;-0.1
CAI Venecia;4.589878;-74.13838;L90;Tuesday;87.2;43.473520056297424;-0.1
CAI Venecia;4.589878;-74.13838;L90;Wednesday;95.8;43.3124012158039;-0.1
CAI Venecia;4.589878;-74.13838;L90;Thursday;83.2;43.204788244262666;-0.1
CAI Venecia;4.589878;-74.13838;L90;Friday;86.5;43.78369293439962;-0.1
CAI Venecia;4.589878;-74.13838;L90;Saturday;91.2;44.684803511417776;-0.1
CAI Venecia;4.589878;-74.13838;L90;Sunday;87.3;42.77310916110818;-0.1
CAI Venecia;4.589878;-74.13838;Leq;Monday;83.1;51.88686463501063;0.0
CAI Venecia;4.589878;-74.13838;Leq;Tuesday;81.2;52.434694291510205;0.0
CAI Venecia;4.589878;-74.13838;Leq;Wednesday;88.4;52.06716349982983;0.0
CAI Venecia;4.589878;-74.13838;Leq;Thursday;81.6;51.98450637897063;0.0
CAI Venecia;4.589878;-74.13838;Leq;Friday;79.6;52.439421019145556;0.0
CAI Venecia;4.589878;-74.13838;Leq;Saturday;81.3;52.97617689418639;0.0
CAI Venecia;4.589878;-74.13838;Leq;Sunday;80.7;51.23823240352674;0.0
CAI Venecia;4.589878;-74.13838;Lmax;Monday;130.9;74.01676419965636;0.0
CAI Venecia;4.589878;-74.13838;Lmax;Tuesday;134.3;74.6110485573541;0.0
CAI Venecia;4.589878;-74.13838;Lmax;Wednesday;129.9;73.98051395413268;0.0
CAI Venecia;4.589878;-74.13838;Lmax;Thursday;124.5;73.87126914812556;0.0
CAI Venecia;4.589878;-74.13838;Lmax;Friday;134.1;74.52208737182202;0.0
CAI Venecia;4.589878;-74.13838;Lmax;Saturday;129.7;75.11962828338353;0.0
CAI Venecia;4.589878;-74.13838;Lmax;Sunday;124.1;73.44526360126387;0.0
CAI Venecia;4.589878;-74.13838;Lmin;Monday;86.7;36.27358760757287;0.0
CAI Venecia;4.589878;-74.13838;Lmin;Tuesday;85.6;36.76691625615694;0.0
CAI Venecia;4.589878;-74.13838;Lmin;Wednesday;95.9;36.67573777286468;0.0
CAI Venecia;4.589878;-74.13838;Lmin;Thursday;79.7;36.5339335967276;0.0
CAI Venecia;4.589878;-74.13838;Lmin;Friday;86.6;37.17498244135296;0.0
CAI Venecia;4.589878;-74.13838;Lmin;Saturday;91.3;38.13116658665387;0.0
CAI Venecia;4.589878;-74.13838;Lmin;Sunday;85.2;36.20447314847299;0.0
CAI Villa Nidia;4.73777539;-74.02257068;L10;Monday;99.5;56.07718715393037;3.9
CAI Villa Nidia;4.73777539;-74.02257068;L10;Tuesday;98.0;56.97421682277642;7.9
CAI Villa Nidia;4.73777539;-74.02257068;L10;Wednesday;107.4;56.922844556323746;7.5
CAI Villa Nidia;4.73777539;-74.02257068;L10;Thursday;93.9;57.20608241758232;9.6
CAI Villa Nidia;4.73777539;-74.02257068;L10;Friday;96.1;57.324874381073535;9.4
CAI Villa Nidia;4.73777539;-74.02257068;L10;Saturday;95.8;57.195929471987455;11.9
CAI Villa Nidia;4.73777539;-74.02257068;L10;Sunday;103.2;55.647377202849334;11.6
CAI Villa Nidia;4.73777539;-74.02257068;L50;Monday;91.9;50.18076230492185;2.6
CAI Villa Nidia;4.73777539;-74.02257068;L50;Tuesday;91.8;51.17670792838793;7.6
CAI Villa Nidia;4.73777539;-74.02257068;L50;Wednesday;94.1;51.086043165467345;7.5
CAI Villa Nidia;4.73777539;-74.02257068;L50;Thursday;91.4;51.496866424535945;8.3
CAI Villa Nidia;4.73777539;-74.02257068;L50;Friday;91.1;51.67047070914695;8.8
CAI Villa Nidia;4.73777539;-74.02257068;L50;Saturday;93.3;51.777248152271916;8.8
CAI Villa Nidia;4.73777539;-74.02257068;L50;Sunday;90.0;50.01260480260426;9.1
CAI Villa Nidia;4.73777539;-74.02257068;L90;Monday;90.5;45.934451827241446;2.1
CAI Villa Nidia;4.73777539;-74.02257068;L90;Tuesday;89.7;46.84595010664865;5.7
CAI Villa Nidia;4.73777539;-74.02257068;L90;Wednesday;94.1;46.78155173963762;6.3
CAI Villa Nidia;4.73777539;-74.02257068;L90;Thursday;88.5;47.18508791208749;8.1
CAI Villa Nidia;4.73777539;-74.02257068;L90;Friday;89.4;47.45896020539066;8.2
CAI Villa Nidia;4.73777539;-74.02257068;L90;Saturday;88.4;47.57271779315556;8.5
CAI Villa Nidia;4.73777539;-74.02257068;L90;Sunday;86.1;45.77198350206151;8.8
CAI Villa Nidia;4.73777539;-74.02257068;Leq;Monday;81.2;53.25879692962455;4.0
CAI Villa Nidia;4.73777539;-74.02257068;Leq;Tuesday;81.6;54.07399274393753;8.4
CAI Villa Nidia;4.73777539;-74.02257068;Leq;Wednesday;87.3;54.07109910043324;7.6
CAI Villa Nidia;4.73777539;-74.02257068;Leq;Thursday;82.2;54.25719079939649;10.4
CAI Villa Nidia;4.73777539;-74.02257068;Leq;Friday;86.4;54.478122404289294;10.4
CAI Villa Nidia;4.73777539;-74.02257068;Leq;Saturday;84.1;54.30437761036749;13.1
CAI Villa Nidia;4.73777539;-74.02257068;Leq;Sunday;88.1;52.690589779218634;12.4
CAI Villa Nidia;4.73777539;-74.02257068;Lmax;Monday;123.8;74.5312864525661;10.0
CAI Villa Nidia;4.73777539;-74.02257068;Lmax;Tuesday;133.6;75.11861819530843;9.0
CAI Villa Nidia;4.73777539;-74.02257068;Lmax;Wednesday;138.9;75.26388384428704;7.6
CAI Villa Nidia;4.73777539;-74.02257068;Lmax;Thursday;125.9;75.21946886447037;12.1
CAI Villa Nidia;4.73777539;-74.02257068;Lmax;Friday;139.7;75.68355584082269;11.4
CAI Villa Nidia;4.73777539;-74.02257068;Lmax;Saturday;136.7;75.31342496919234;13.1
CAI Villa Nidia;4.73777539;-74.02257068;Lmax;Sunday;126.4;73.64091113610928;13.5
CAI Villa Nidia;4.73777539;-74.02257068;Lmin;Monday;90.6;40.149461055740154;0.0
CAI Villa Nidia;4.73777539;-74.02257068;Lmin;Tuesday;85.9;40.97374571084106;0.0
CAI Villa Nidia;4.73777539;-74.02257068;Lmin;Wednesday;94.2;40.924466420929726;3.8
CAI Villa Nidia;4.73777539;-74.02257068;Lmin;Thursday;86.7;41.2912692307689;4.3
CAI Villa Nidia;4.73777539;-74.02257068;Lmin;Friday;87.6;41.5897029158259;8.0
CAI Villa Nidia;4.73777539;-74.02257068;Lmin;Saturday;83.8;41.80120769741183;0.0
CAI Villa Nidia;4.73777539;-74.02257068;Lmin;Sunday;83.0;40.05612860892389;0.0
CAI Villa del Prado;4.753337;-74.046974;L10;Monday;94.4;55.87355590061904;-0.1
CAI Villa del Prado;4.753337;-74.046974;L10;Tuesday;94.3;56.578390476188446;-0.1
CAI Villa del Prado;4.753337;-74.046974;L10;Wednesday;94.6;54.99267699114706;-0.1
CAI Villa del Prado;4.753337;-74.046974;L10;Thursday;94.7;54.999053627757;-0.1
CAI Villa del Prado;4.753337;-74.046974;L10;Friday;94.7;55.803132726282975;-0.1
CAI Villa del Prado;4.753337;-74.046974;L10;Saturday;93.6;55.05006802720869;-0.1
CAI Villa del Prado;4.753337;-74.046974;L10;Sunday;89.9;54.00218433179504;-0.1
CAI Villa del Prado;4.753337;-74.046974;L50;Monday;89.5;50.88611490682988;-0.1
CAI Villa del Prado;4.753337;-74.046974;L50;Tuesday;90.5;51.53624489795685;-0.1
CAI Villa del Prado;4.753337;-74.046974;L50;Wednesday;89.3;49.9984421610834;-0.1
CAI Villa del Prado;4.753337;-74.046974;L50;Thursday;89.8;50.16704521555842;-0.1
CAI Villa del Prado;4.753337;-74.046974;L50;Friday;89.6;50.964210335883294;-0.1
CAI Villa del Prado;4.753337;-74.046974;L50;Saturday;88.6;49.973067271350814;-0.1
CAI Villa del Prado;4.753337;-74.046974;L50;Sunday;86.8;48.81458986174879;-0.1
CAI Villa del Prado;4.753337;-74.046974;L90;Monday;87.6;46.83433229813398;-0.1
CAI Villa del Prado;4.753337;-74.046974;L90;Tuesday;89.0;47.51455238095031;-0.1
CAI Villa del Prado;4.753337;-74.046974;L90;Wednesday;87.1;46.230540455117605;-0.1
CAI Villa del Prado;4.753337;-74.046974;L90;Thursday;87.1;46.22166741775219;-0.1
CAI Villa del Prado;4.753337;-74.046974;L90;Friday;87.4;47.01632696134302;-0.1
CAI Villa del Prado;4.753337;-74.046974;L90;Saturday;86.4;45.90780650037555;-0.1
CAI Villa del Prado;4.753337;-74.046974;L90;Sunday;85.0;44.7056989247286;-0.1
CAI Villa del Prado;4.753337;-74.046974;Leq;Monday;78.1;53.02133951406658;0.0
CAI Villa del Prado;4.753337;-74.046974;Leq;Tuesday;75.6;53.69858823529389;0.0
CAI Villa del Prado;4.753337;-74.046974;Leq;Wednesday;79.2;52.17925884955735;0.0
CAI Villa del Prado;4.753337;-74.046974;Leq;Thursday;82.9;52.18110038968236;0.0
CAI Villa del Prado;4.753337;-74.046974;Leq;Friday;77.7;52.980423444679076;0.0
CAI Villa del Prado;4.753337;-74.046974;Leq;Saturday;79.1;52.276016184251546;0.0
CAI Villa del Prado;4.753337;-74.046974;Leq;Sunday;75.9;51.13129032258057;0.0
CAI Villa del Prado;4.753337;-74.046974;Lmax;Monday;134.0;72.07407763975077;0.0
CAI Villa del Prado;4.753337;-74.046974;Lmax;Tuesday;122.8;72.76019365079344;0.0
CAI Villa del Prado;4.753337;-74.046974;Lmax;Wednesday;127.8;70.62918141592901;0.0
CAI Villa del Prado;4.753337;-74.046974;Lmax;Thursday;124.8;70.49071954333779;0.0
CAI Villa del Prado;4.753337;-74.046974;Lmax;Friday;127.2;71.78239160586202;0.0
CAI Villa del Prado;4.753337;-74.046974;Lmax;Saturday;123.3;71.51984278155672;0.0
CAI Villa del Prado;4.753337;-74.046974;Lmax;Sunday;120.1;70.4166359447005;0.0
CAI Villa del Prado;4.753337;-74.046974;Lmin;Monday;84.8;41.022003105590294;0.0
CAI Villa del Prado;4.753337;-74.046974;Lmin;Tuesday;88.1;41.62776825396833;0.0
CAI Villa del Prado;4.753337;-74.046974;Lmin;Wednesday;84.7;40.49513906447566;0.0
CAI Villa del Prado;4.753337;-74.046974;Lmin;Thursday;84.5;40.52802163136574;0.0
CAI Villa del Prado;4.753337;-74.046974;Lmin;Friday;84.5;41.262666586263386;0.0
CAI Villa del Prado;4.753337;-74.046974;Lmin;Saturday;85.4;40.1652063492065;0.0
CAI Villa del Prado;4.753337;-74.046974;Lmin;Sunday;85.1;38.86054070660494;0.0
Cruz Roja;4.6725129;-74.09149559999999;L10;Monday;96.0;58.905555555555544;31.7
Cruz Roja;4.6725129;-74.09149559999999;L10;Tuesday;72.4;55.959358288770005;41.6
Cruz Roja;4.6725129;-74.09149559999999;L10;Wednesday;64.7;55.616167664670655;40.2
Cruz Roja;4.6725129;-74.09149559999999;L10;Thursday;65.0;56.56264367816091;42.9
Cruz Roja;4.6725129;-74.09149559999999;L10;Friday;64.5;56.14742857142859;42.4
Cruz Roja;4.6725129;-74.09149559999999;L10;Saturday;67.3;56.32249999999999;44.5
Cruz Roja;4.6725129;-74.09149559999999;L10;Sunday;63.5;53.79749103942654;41.5
Cruz Roja;4.6725129;-74.09149559999999;L50;Monday;92.1;53.74365079365076;22.8
Cruz Roja;4.6725129;-74.09149559999999;L50;Tuesday;63.1;50.873262032085556;35.3
Cruz Roja;4.6725129;-74.09149559999999;L50;Wednesday;63.6;50.318562874251526;34.9
Cruz Roja;4.6725129;-74.09149559999999;L50;Thursday;63.7;51.58793103448276;38.6
Cruz Roja;4.6725129;-74.09149559999999;L50;Friday;63.0;51.1325714285714;38.3
Cruz Roja;4.6725129;-74.09149559999999;L50;Saturday;63.0;51.33458333333333;37.9
Cruz Roja;4.6725129;-74.09149559999999;L50;Sunday;63.0;48.563799283154104;36.1
Cruz Roja;4.6725129;-74.09149559999999;L90;Monday;87.5;49.682063492063484;17.5
Cruz Roja;4.6725129;-74.09149559999999;L90;Tuesday;62.5;47.27967914438502;32.9
Cruz Roja;4.6725129;-74.09149559999999;L90;Wednesday;62.8;46.7182634730539;32.5
Cruz Roja;4.6725129;-74.09149559999999;L90;Thursday;62.4;48.07471264367814;34.2
Cruz Roja;4.6725129;-74.09149559999999;L90;Friday;62.0;47.74399999999999;35.8
Cruz Roja;4.6725129;-74.09149559999999;L90;Saturday;59.9;47.80499999999997;34.7
Cruz Roja;4.6725129;-74.09149559999999;L90;Sunday;56.2;44.82759856630824;33.8
Cruz Roja;4.6725129;-74.09149559999999;Leq;Monday;77.3;56.773557692307755;32.2
Cruz Roja;4.6725129;-74.09149559999999;Leq;Tuesday;72.2;54.35454545454546;40.3
Cruz Roja;4.6725129;-74.09149559999999;Leq;Wednesday;68.1;54.017964071856255;38.9
Cruz Roja;4.6725129;-74.09149559999999;Leq;Thursday;68.6;55.28908045977013;41.3
Cruz Roja;4.6725129;-74.09149559999999;Leq;Friday;66.3;54.76457142857142;40.4
Cruz Roja;4.6725129;-74.09149559999999;Leq;Saturday;66.7;54.86541666666667;41.9
Cruz Roja;4.6725129;-74.09149559999999;Leq;Sunday;67.7;52.23154121863799;39.6
Cruz Roja;4.6725129;-74.09149559999999;Lmax;Monday;112.6;76.57793650793644;55.6
Cruz Roja;4.6725129;-74.09149559999999;Lmax;Tuesday;103.1;74.40347593582894;58.0
Cruz Roja;4.6725129;-74.09149559999999;Lmax;Wednesday;95.1;74.04491017964068;54.1
Cruz Roja;4.6725129;-74.09149559999999;Lmax;Thursday;96.7;75.3227011494253;54.5
Cruz Roja;4.6725129;-74.09149559999999;Lmax;Friday;92.3;75.0228571428571;55.1
Cruz Roja;4.6725129;-74.09149559999999;Lmax;Saturday;94.9;75.08291666666665;58.8
Cruz Roja;4.6725129;-74.09149559999999;Lmax;Sunday;93.1;72.21075268817206;54.9
Cruz Roja;4.6725129;-74.09149559999999;Lmin;Monday;82.2;44.66428571428575;14.5
Cruz Roja;4.6725129;-74.09149559999999;Lmin;Tuesday;58.8;43.1663101604278;30.3
Cruz Roja;4.6725129;-74.09149559999999;Lmin;Wednesday;62.6;42.82305389221558;30.0
Cruz Roja;4.6725129;-74.09149559999999;Lmin;Thursday;62.2;44.21724137931034;30.3
Cruz Roja;4.6725129;-74.09149559999999;Lmin;Friday;59.6;43.93657142857146;32.3
Cruz Roja;4.6725129;-74.09149559999999;Lmin;Saturday;52.9;43.74708333333333;33.8
Cruz Roja;4.6725129;-74.09149559999999;Lmin;Sunday;53.2;40.85591397849464;30.8
Edificio Marly;4.6375150000000005;-74.0664567;L10;Monday;96.0;47.596884741087685;5.6
Edificio Marly;4.6375150000000005;-74.0664567;L10;Tuesday;96.2;48.61059735300172;6.6
Edificio Marly;4.6375150000000005;-74.0664567;L10;Wednesday;96.8;48.231820506767185;7.0
Edificio Marly;4.6375150000000005;-74.0664567;L10;Thursday;95.6;49.818469115534775;7.3
Edificio Marly;4.6375150000000005;-74.0664567;L10;Friday;95.3;50.73318102339099;4.6
Edificio Marly;4.6375150000000005;-74.0664567;L10;Saturday;99.1;51.19226640288025;-0.1
Edificio Marly;4.6375150000000005;-74.0664567;L10;Sunday;93.0;47.47109507139176;6.6
Edificio Marly;4.6375150000000005;-74.0664567;L50;Monday;91.5;42.954754219491825;2.3
Edificio Marly;4.6375150000000005;-74.0664567;L50;Tuesday;90.3;44.21780077033436;3.9
Edificio Marly;4.6375150000000005;-74.0664567;L50;Wednesday;92.3;44.036253800607945;7.0
Edificio Marly;4.6375150000000005;-74.0664567;L50;Thursday;92.6;45.340498406918705;2.4
Edificio Marly;4.6375150000000005;-74.0664567;L50;Friday;91.0;46.0870150844134;2.4
Edificio Marly;4.6375150000000005;-74.0664567;L50;Saturday;98.2;46.508995232381345;-0.1
Edificio Marly;4.6375150000000005;-74.0664567;L50;Sunday;88.0;42.89044172599631;3.6
Edificio Marly;4.6375150000000005;-74.0664567;L90;Monday;89.0;39.85274403491193;1.9
Edificio Marly;4.6375150000000005;-74.0664567;L90;Tuesday;87.3;40.861938636065766;2.5
Edificio Marly;4.6375150000000005;-74.0664567;L90;Wednesday;90.3;40.89908128737787;6.6
Edificio Marly;4.6375150000000005;-74.0664567;L90;Thursday;90.4;41.89887692852999;1.9
Edificio Marly;4.6375150000000005;-74.0664567;L90;Friday;88.3;42.53612714856025;2.0
Edificio Marly;4.6375150000000005;-74.0664567;L90;Saturday;97.9;42.79924431615488;-0.1
Edificio Marly;4.6375150000000005;-74.0664567;L90;Sunday;86.9;39.54237698147314;2.7
Edificio Marly;4.6375150000000005;-74.0664567;Leq;Monday;77.3;44.84835363717812;7.5
Edificio Marly;4.6375150000000005;-74.0664567;Leq;Tuesday;79.9;45.884175824176054;6.6
Edificio Marly;4.6375150000000005;-74.0664567;Leq;Wednesday;81.2;45.50585507128945;7.1
Edificio Marly;4.6375150000000005;-74.0664567;Leq;Thursday;81.8;47.111452889640816;6.7
Edificio Marly;4.6375150000000005;-74.0664567;Leq;Friday;80.7;47.977037867972335;6.6
Edificio Marly;4.6375150000000005;-74.0664567;Leq;Saturday;95.8;48.39212760268725;0.0
Edificio Marly;4.6375150000000005;-74.0664567;Leq;Sunday;75.6;44.7316013283657;6.7
Edificio Marly;4.6375150000000005;-74.0664567;Lmax;Monday;122.8;64.04788506224943;8.0
Edificio Marly;4.6375150000000005;-74.0664567;Lmax;Tuesday;133.1;65.26687508190017;6.7
Edificio Marly;4.6375150000000005;-74.0664567;Lmax;Wednesday;126.8;64.26925558703289;7.1
Edificio Marly;4.6375150000000005;-74.0664567;Lmax;Thursday;130.6;66.2092326922009;7.4
Edificio Marly;4.6375150000000005;-74.0664567;Lmax;Friday;123.3;67.14026591006576;7.9
Edificio Marly;4.6375150000000005;-74.0664567;Lmax;Saturday;128.8;67.72728407874747;0.0
Edificio Marly;4.6375150000000005;-74.0664567;Lmax;Sunday;126.6;64.08132793140135;6.7
Edificio Marly;4.6375150000000005;-74.0664567;Lmin;Monday;85.6;35.46957852379398;0.0
Edificio Marly;4.6375150000000005;-74.0664567;Lmin;Tuesday;82.9;36.334841535782836;0.0
Edificio Marly;4.6375150000000005;-74.0664567;Lmin;Wednesday;90.4;36.626081995593424;2.3
Edificio Marly;4.6375150000000005;-74.0664567;Lmin;Thursday;90.5;37.245156054698214;0.0
Edificio Marly;4.6375150000000005;-74.0664567;Lmin;Friday;84.3;37.727654976741476;0.0
Edificio Marly;4.6375150000000005;-74.0664567;Lmin;Saturday;97.2;37.737495540492255;0.0
Edificio Marly;4.6375150000000005;-74.0664567;Lmin;Sunday;87.0;35.1885595720415;1.7
Edificio Profesional;4.653911;-74.07378670000001;L10;Monday;96.2;46.360353010652524;2.4
Edificio Profesional;4.653911;-74.07378670000001;L10;Tuesday;89.8;46.07440248250407;2.2
Edificio Profesional;4.653911;-74.07378670000001;L10;Wednesday;93.7;46.693149406904766;3.5
Edificio Profesional;4.653911;-74.07378670000001;L10;Thursday;96.3;47.91280637387938;4.0
Edificio Profesional;4.653911;-74.07378670000001;L10;Friday;91.3;47.90855669194172;2.6
Edificio Profesional;4.653911;-74.07378670000001;L10;Saturday;103.4;47.49949939973322;4.6
Edificio Profesional;4.653911;-74.07378670000001;L10;Sunday;92.0;45.78745921437356;3.7
Edificio Profesional;4.653911;-74.07378670000001;L50;Monday;92.6;41.45547778920036;1.7
Edificio Profesional;4.653911;-74.07378670000001;L50;Tuesday;87.1;41.32140255009095;1.8
Edificio Profesional;4.653911;-74.07378670000001;L50;Wednesday;87.7;41.76752649931872;1.8
Edificio Profesional;4.653911;-74.07378670000001;L50;Thursday;92.6;43.081677268089834;2.0
Edificio Profesional;4.653911;-74.07378670000001;L50;Friday;88.3;43.18452206555607;2.0
Edificio Profesional;4.653911;-74.07378670000001;L50;Saturday;92.7;43.01883480191191;2.1
Edificio Profesional;4.653911;-74.07378670000001;L50;Sunday;90.4;41.072297554981226;1.8
Edificio Profesional;4.653911;-74.07378670000001;L90;Monday;86.8;37.9827322237043;1.5
Edificio Profesional;4.653911;-74.07378670000001;L90;Tuesday;84.2;38.00462828469587;1.5
Edificio Profesional;4.653911;-74.07378670000001;L90;Wednesday;87.7;38.453849571282475;1.5
Edificio Profesional;4.653911;-74.07378670000001;L90;Thursday;90.4;39.64948657273735;1.6
Edificio Profesional;4.653911;-74.07378670000001;L90;Friday;86.1;40.082300299770864;1.6
Edificio Profesional;4.653911;-74.07378670000001;L90;Saturday;88.5;39.82331528756202;1.7
Edificio Profesional;4.653911;-74.07378670000001;L90;Sunday;90.4;37.66751557269397;1.5
Edificio Profesional;4.653911;-74.07378670000001;Leq;Monday;78.8;43.626394152680135;2.8
Edificio Profesional;4.653911;-74.07378670000001;Leq;Tuesday;85.3;43.42181285753211;2.3
Edificio Profesional;4.653911;-74.07378670000001;Leq;Wednesday;80.4;43.977547887453056;4.7
Edificio Profesional;4.653911;-74.07378670000001;Leq;Thursday;81.7;45.16306830907041;4.4
Edificio Profesional;4.653911;-74.07378670000001;Leq;Friday;81.6;45.25009548926909;2.7
Edificio Profesional;4.653911;-74.07378670000001;Leq;Saturday;82.4;44.817341931866075;3.3
Edificio Profesional;4.653911;-74.07378670000001;Leq;Sunday;81.2;43.17068505727009;4.1
Edificio Profesional;4.653911;-74.07378670000001;Lmax;Monday;125.1;63.75180551606398;5.7
Edificio Profesional;4.653911;-74.07378670000001;Lmax;Tuesday;131.6;63.47469298824735;2.3
Edificio Profesional;4.653911;-74.07378670000001;Lmax;Wednesday;127.0;63.99634812741435;6.8
Edificio Profesional;4.653911;-74.07378670000001;Lmax;Thursday;126.0;65.02884961900006;8.1
Edificio Profesional;4.653911;-74.07378670000001;Lmax;Friday;124.3;65.05950008816764;2.7
Edificio Profesional;4.653911;-74.07378670000001;Lmax;Saturday;131.2;64.37006365098402;7.9
Edificio Profesional;4.653911;-74.07378670000001;Lmax;Sunday;129.4;63.24630492817474;7.8
Edificio Profesional;4.653911;-74.07378670000001;Lmin;Monday;83.7;33.36502045012158;0.0
Edificio Profesional;4.653911;-74.07378670000001;Lmin;Tuesday;80.2;33.492609709934634;1.1
Edificio Profesional;4.653911;-74.07378670000001;Lmin;Wednesday;87.8;33.86335243680321;0.0
Edificio Profesional;4.653911;-74.07378670000001;Lmin;Thursday;90.5;34.97808002084125;0.0
Edificio Profesional;4.653911;-74.07378670000001;Lmin;Friday;86.2;35.60564935637482;0.0
Edificio Profesional;4.653911;-74.07378670000001;Lmin;Saturday;88.0;35.34117154053508;0.0
Edificio Profesional;4.653911;-74.07378670000001;Lmin;Sunday;90.5;33.11245603627253;0.0
Fontibn;4.679169;-74.142945;L10;Tuesday;69.1;69.1;69.1
Fontibn;4.679169;-74.142945;L10;Thursday;66.7;66.7;66.7
Fontibn;4.679169;-74.142945;L50;Sunday;60.9;60.9;60.9
Fontibn;4.679169;-74.142945;Leq;Monday;62.7;62.7;62.7
Fontib√≥n;4.679169;-74.142945;L10;Monday;96.6;71.00200803212854;42.8
Fontib√≥n;4.679169;-74.142945;L10;Tuesday;94.7;71.81604223433258;48.8
Fontib√≥n;4.679169;-74.142945;L10;Wednesday;93.9;62.60201164637388;8.7
Fontib√≥n;4.679169;-74.142945;L10;Thursday;90.9;63.86515498231746;0.8
Fontib√≥n;4.679169;-74.142945;L10;Friday;95.2;64.09464170432543;9.1
Fontib√≥n;4.679169;-74.142945;L10;Saturday;90.3;64.25826391933357;10.0
Fontib√≥n;4.679169;-74.142945;L10;Sunday;89.8;68.65450477326984;-0.1
Fontib√≥n;4.679169;-74.142945;L50;Monday;92.9;66.58788487282462;42.4
Fontib√≥n;4.679169;-74.142945;L50;Tuesday;90.4;67.38642233856913;48.8
Fontib√≥n;4.679169;-74.142945;L50;Wednesday;86.3;57.852952898550775;8.1
Fontib√≥n;4.679169;-74.142945;L50;Thursday;88.4;59.67816139767045;0.8
Fontib√≥n;4.679169;-74.142945;L50;Friday;88.9;60.029653539918236;7.6
Fontib√≥n;4.679169;-74.142945;L50;Saturday;87.1;59.70425252082441;8.1
Fontib√≥n;4.679169;-74.142945;L50;Sunday;86.9;64.05481945687852;-0.1
Fontib√≥n;4.679169;-74.142945;L90;Monday;86.8;62.216265060240936;31.1
Fontib√≥n;4.679169;-74.142945;L90;Tuesday;84.0;62.97664283282276;39.1
Fontib√≥n;4.679169;-74.142945;L90;Wednesday;84.4;54.044467972472475;4.3
Fontib√≥n;4.679169;-74.142945;L90;Thursday;88.4;55.814143094841874;0.8
Fontib√≥n;4.679169;-74.142945;L90;Friday;85.6;56.248375295889836;7.3
Fontib√≥n;4.679169;-74.142945;L90;Saturday;85.5;55.58551074090315;6.6
Fontib√≥n;4.679169;-74.142945;L90;Sunday;86.9;59.66992840095473;-0.1
Fontib√≥n;4.679169;-74.142945;Leq;Monday;80.2;62.8786539427423;42.9
Fontib√≥n;4.679169;-74.142945;Leq;Tuesday;79.5;63.68294177732378;48.9
Fontib√≥n;4.679169;-74.142945;Leq;Wednesday;80.2;56.18624304664097;8.7
Fontib√≥n;4.679169;-74.142945;Leq;Thursday;86.1;56.209281115879875;0.9
Fontib√≥n;4.679169;-74.142945;Leq;Friday;78.3;56.649335180055395;8.8
Fontib√≥n;4.679169;-74.142945;Leq;Saturday;75.4;57.079769921436544;10.3
Fontib√≥n;4.679169;-74.142945;Leq;Sunday;84.5;60.65146276595739;0.0
Fontib√≥n;4.679169;-74.142945;Lmax;Monday;120.9;86.08560910307897;42.9
Fontib√≥n;4.679169;-74.142945;Lmax;Tuesday;133.6;87.08971739870626;48.9
Fontib√≥n;4.679169;-74.142945;Lmax;Wednesday;126.8;78.41425798482422;9.5
Fontib√≥n;4.679169;-74.142945;Lmax;Thursday;141.0;78.96329034941749;0.9
Fontib√≥n;4.679169;-74.142945;Lmax;Friday;123.1;79.33468904669674;14.8
Fontib√≥n;4.679169;-74.142945;Lmax;Saturday;131.1;80.24471722928544;11.6
Fontib√≥n;4.679169;-74.142945;Lmax;Sunday;139.5;84.0714498806683;0.0
Fontib√≥n;4.679169;-74.142945;Lmin;Monday;86.9;57.32359437750998;24.6
Fontib√≥n;4.679169;-74.142945;Lmin;Tuesday;79.7;57.85345590738864;29.1
Fontib√≥n;4.679169;-74.142945;Lmin;Wednesday;81.3;48.67381330509947;1.8
Fontib√≥n;4.679169;-74.142945;Lmin;Thursday;88.5;51.05280782029947;0.9
Fontib√≥n;4.679169;-74.142945;Lmin;Friday;84.4;51.52571551538625;7.1
Fontib√≥n;4.679169;-74.142945;Lmin;Saturday;85.6;50.75786935554591;5.9
Fontib√≥n;4.679169;-74.142945;Lmin;Sunday;87.0;55.128729116945195;0.0
Hotel Morrison;4.669944;-74.054878;L10;Monday;96.0;45.914658737667466;-0.1
Hotel Morrison;4.669944;-74.054878;L10;Tuesday;93.5;46.282875080077204;-0.1
Hotel Morrison;4.669944;-74.054878;L10;Wednesday;94.9;46.726896551724565;-0.1
Hotel Morrison;4.669944;-74.054878;L10;Thursday;97.7;48.38632518797011;-0.1
Hotel Morrison;4.669944;-74.054878;L10;Friday;110.6;47.804096764958516;-0.1
Hotel Morrison;4.669944;-74.054878;L10;Saturday;99.7;48.17134677760578;-0.1
Hotel Morrison;4.669944;-74.054878;L10;Sunday;99.8;46.552826057575594;-0.1
Hotel Morrison;4.669944;-74.054878;L50;Monday;92.1;42.206965806190304;-0.1
Hotel Morrison;4.669944;-74.054878;L50;Tuesday;89.1;42.56967395574209;-0.1
Hotel Morrison;4.669944;-74.054878;L50;Wednesday;92.4;42.83577364463792;-0.1
Hotel Morrison;4.669944;-74.054878;L50;Thursday;95.8;44.496111372180756;-0.1
Hotel Morrison;4.669944;-74.054878;L50;Friday;96.8;43.843892819509584;-0.1
Hotel Morrison;4.669944;-74.054878;L50;Saturday;97.8;44.29133267522204;-0.1
Hotel Morrison;4.669944;-74.054878;L50;Sunday;97.9;42.917586160292245;-0.1
Hotel Morrison;4.669944;-74.054878;L90;Monday;91.4;39.774599270172146;-0.1
Hotel Morrison;4.669944;-74.054878;L90;Tuesday;85.7;40.31571044202495;-0.1
Hotel Morrison;4.669944;-74.054878;L90;Wednesday;89.0;40.61520272830697;-0.1
Hotel Morrison;4.669944;-74.054878;L90;Thursday;94.2;41.87250704887248;-0.1
Hotel Morrison;4.669944;-74.054878;L90;Friday;95.1;41.77112510735811;-0.1
Hotel Morrison;4.669944;-74.054878;L90;Saturday;96.1;41.721111267804645;-0.1
Hotel Morrison;4.669944;-74.054878;L90;Sunday;96.3;40.310825787269586;-0.1
Hotel Morrison;4.669944;-74.054878;Leq;Monday;79.8;43.560732372418784;0.0
Hotel Morrison;4.669944;-74.054878;Leq;Tuesday;77.0;43.96640200474811;0.0
Hotel Morrison;4.669944;-74.054878;Leq;Wednesday;78.7;44.39270036927244;0.0
Hotel Morrison;4.669944;-74.054878;Leq;Thursday;86.7;45.98797648993786;0.0
Hotel Morrison;4.669944;-74.054878;Leq;Friday;85.4;45.40254626900828;0.0
Hotel Morrison;4.669944;-74.054878;Leq;Saturday;87.9;45.795607107601356;0.0
Hotel Morrison;4.669944;-74.054878;Leq;Sunday;83.3;44.07097779509131;0.0
Hotel Morrison;4.669944;-74.054878;Lmax;Monday;125.0;60.93578051087973;0.0
Hotel Morrison;4.669944;-74.054878;Lmax;Tuesday;122.2;61.32347982062772;0.0
Hotel Morrison;4.669944;-74.054878;Lmax;Wednesday;118.4;61.80991537198409;0.0
Hotel Morrison;4.669944;-74.054878;Lmax;Thursday;124.9;63.58610902255592;0.0
Hotel Morrison;4.669944;-74.054878;Lmax;Friday;124.2;62.55583738906401;0.0
Hotel Morrison;4.669944;-74.054878;Lmax;Saturday;127.8;63.30149767310653;0.0
Hotel Morrison;4.669944;-74.054878;Lmax;Sunday;127.0;61.16405730504123;0.0
Hotel Morrison;4.669944;-74.054878;Lmin;Monday;91.5;36.49074199216123;0.0
Hotel Morrison;4.669944;-74.054878;Lmin;Tuesday;82.3;37.07436258808453;0.0
Hotel Morrison;4.669944;-74.054878;Lmin;Wednesday;87.6;37.266952128331305;0.0
Hotel Morrison;4.669944;-74.054878;Lmin;Thursday;91.6;38.2460126879695;0.0
Hotel Morrison;4.669944;-74.054878;Lmin;Friday;94.1;38.414325794446235;0.0
Hotel Morrison;4.669944;-74.054878;Lmin;Saturday;95.7;38.23297137216216;0.0
Hotel Morrison;4.669944;-74.054878;Lmin;Sunday;96.0;36.88515745370998;0.0
Restrepo;4.5893489999999995;-74.102351;L10;Monday;97.5;51.57181314144175;4.8
Restrepo;4.5893489999999995;-74.102351;L10;Tuesday;97.8;51.863294225902955;5.2
Restrepo;4.5893489999999995;-74.102351;L10;Wednesday;106.1;51.576965580753;6.7
Restrepo;4.5893489999999995;-74.102351;L10;Thursday;97.7;51.86542112610578;6.1
Restrepo;4.5893489999999995;-74.102351;L10;Friday;95.4;52.85693617987761;6.6
Restrepo;4.5893489999999995;-74.102351;L10;Saturday;96.6;52.60171029668431;5.9
Restrepo;4.5893489999999995;-74.102351;L10;Sunday;95.3;50.95636599763898;7.3
Restrepo;4.5893489999999995;-74.102351;L50;Monday;92.6;45.68237819983483;4.5
Restrepo;4.5893489999999995;-74.102351;L50;Tuesday;91.5;46.028970536448014;5.0
Restrepo;4.5893489999999995;-74.102351;L50;Wednesday;92.6;45.726591562799506;4.9
Restrepo;4.5893489999999995;-74.102351;L50;Thursday;90.3;46.030367821547244;5.2
Restrepo;4.5893489999999995;-74.102351;L50;Friday;91.6;46.8804234606961;4.9
Restrepo;4.5893489999999995;-74.102351;L50;Saturday;92.7;47.06264771877334;5.0
Restrepo;4.5893489999999995;-74.102351;L50;Sunday;92.3;45.12997166469945;4.6
Restrepo;4.5893489999999995;-74.102351;L90;Monday;92.6;41.61436357201862;3.7
Restrepo;4.5893489999999995;-74.102351;L90;Tuesday;88.1;42.05410628019323;4.0
Restrepo;4.5893489999999995;-74.102351;L90;Wednesday;84.1;41.82890756302535;3.5
Restrepo;4.5893489999999995;-74.102351;L90;Thursday;87.7;42.08209399720784;4.1
Restrepo;4.5893489999999995;-74.102351;L90;Friday;89.4;43.14809902339315;3.8
Restrepo;4.5893489999999995;-74.102351;L90;Saturday;92.7;43.28321366242886;3.9
Restrepo;4.5893489999999995;-74.102351;L90;Sunday;91.4;41.17470365997624;3.9
Restrepo;4.5893489999999995;-74.102351;Leq;Monday;88.2;48.97290523145656;4.9
Restrepo;4.5893489999999995;-74.102351;Leq;Tuesday;90.5;49.28945249597397;5.3
Restrepo;4.5893489999999995;-74.102351;Leq;Wednesday;92.4;48.98674219083297;6.4
Restrepo;4.5893489999999995;-74.102351;Leq;Thursday;82.0;49.22102414255598;6.2
Restrepo;4.5893489999999995;-74.102351;Leq;Friday;80.9;50.18966847470276;6.7
Restrepo;4.5893489999999995;-74.102351;Leq;Saturday;82.1;50.024561133353984;6.0
Restrepo;4.5893489999999995;-74.102351;Leq;Sunday;90.9;48.44146329606222;7.7
Restrepo;4.5893489999999995;-74.102351;Lmax;Monday;133.4;70.43721363689968;4.9
Restrepo;4.5893489999999995;-74.102351;Lmax;Tuesday;139.2;70.71152518978569;5.3
Restrepo;4.5893489999999995;-74.102351;Lmax;Wednesday;135.2;70.41153908138597;6.8
Restrepo;4.5893489999999995;-74.102351;Lmax;Thursday;127.9;70.5670241973015;6.2
Restrepo;4.5893489999999995;-74.102351;Lmax;Friday;124.5;71.37764933000166;6.7
Restrepo;4.5893489999999995;-74.102351;Lmax;Saturday;131.9;71.10978309648422;6.0
Restrepo;4.5893489999999995;-74.102351;Lmax;Sunday;138.4;69.96004722550174;7.7
Restrepo;4.5893489999999995;-74.102351;Lmin;Monday;92.7;36.50263772561079;0.0
Restrepo;4.5893489999999995;-74.102351;Lmin;Tuesday;85.5;36.984534161491;0.0
Restrepo;4.5893489999999995;-74.102351;Lmin;Wednesday;83.7;36.76667664325981;2.5
Restrepo;4.5893489999999995;-74.102351;Lmin;Thursday;86.6;37.0414704513731;0.0
Restrepo;4.5893489999999995;-74.102351;Lmin;Friday;88.0;38.033390869861684;0.0
Restrepo;4.5893489999999995;-74.102351;Lmin;Saturday;92.8;38.39825729244616;3.3
Restrepo;4.5893489999999995;-74.102351;Lmin;Sunday;91.5;36.21132939787516;2.9
SDA;4.642211;-74.065572;L10;Monday;103.6;56.34296019155906;6.2
SDA;4.642211;-74.065572;L10;Tuesday;96.1;56.81202849958059;7.4
SDA;4.642211;-74.065572;L10;Wednesday;105.2;57.015332486234136;7.5
SDA;4.642211;-74.065572;L10;Thursday;98.0;57.07228889906818;7.7
SDA;4.642211;-74.065572;L10;Friday;103.8;57.25113708956159;8.0
SDA;4.642211;-74.065572;L10;Saturday;96.0;57.05403201172888;7.7
SDA;4.642211;-74.065572;L10;Sunday;99.5;55.37962611916321;7.8
SDA;4.642211;-74.065572;L50;Monday;93.3;50.00462997459749;6.2
SDA;4.642211;-74.065572;L50;Tuesday;89.1;50.72640049308325;6.0
SDA;4.642211;-74.065572;L50;Wednesday;95.6;50.72951420406745;6.6
SDA;4.642211;-74.065572;L50;Thursday;89.7;51.00434051497612;6.5
SDA;4.642211;-74.065572;L50;Friday;95.1;51.46062330041436;7.2
SDA;4.642211;-74.065572;L50;Saturday;90.1;51.131312635783715;4.7
SDA;4.642211;-74.065572;L50;Sunday;91.7;48.84996510352652;7.5
SDA;4.642211;-74.065572;L90;Monday;84.6;43.49063154744088;3.8
SDA;4.642211;-74.065572;L90;Tuesday;84.2;44.090734642557415;3.5
SDA;4.642211;-74.065572;L90;Wednesday;86.9;44.374107016800785;3.0
SDA;4.642211;-74.065572;L90;Thursday;85.3;44.57841502519423;2.7
SDA;4.642211;-74.065572;L90;Friday;87.3;45.159470422895616;5.3
SDA;4.642211;-74.065572;L90;Saturday;85.8;45.083016677866816;3.1
SDA;4.642211;-74.065572;L90;Sunday;88.0;42.69567208142564;6.1
SDA;4.642211;-74.065572;Leq;Monday;85.0;52.66531523211424;6.3
SDA;4.642211;-74.065572;Leq;Tuesday;78.6;53.17778017241347;7.5
SDA;4.642211;-74.065572;Leq;Wednesday;86.1;53.42860254399748;7.6
SDA;4.642211;-74.065572;Leq;Thursday;80.5;53.45175565326596;7.8
SDA;4.642211;-74.065572;Leq;Friday;85.1;53.648965313362;8.0
SDA;4.642211;-74.065572;Leq;Saturday;79.1;53.456556707508625;7.8
SDA;4.642211;-74.065572;Leq;Sunday;82.2;51.71380706701064;7.9
SDA;4.642211;-74.065572;Lmax;Monday;119.6;70.93967075725807;6.3
SDA;4.642211;-74.065572;Lmax;Tuesday;126.0;71.29018680397502;7.5
SDA;4.642211;-74.065572;Lmax;Wednesday;121.0;72.00593816179612;7.6
SDA;4.642211;-74.065572;Lmax;Thursday;125.2;71.62779661016974;7.8
SDA;4.642211;-74.065572;Lmax;Friday;122.2;71.67207103615664;9.4
SDA;4.642211;-74.065572;Lmax;Saturday;127.6;71.63985887958918;7.8
SDA;4.642211;-74.065572;Lmax;Sunday;117.7;70.47376126454616;7.9
SDA;4.642211;-74.065572;Lmin;Monday;82.3;37.56246333433145;2.2
SDA;4.642211;-74.065572;Lmin;Tuesday;80.6;38.299395282002386;0.0
SDA;4.642211;-74.065572;Lmin;Wednesday;84.7;38.375708033319526;2.1
SDA;4.642211;-74.065572;Lmin;Thursday;84.5;38.688248587570776;0.9
SDA;4.642211;-74.065572;Lmin;Friday;84.9;39.43092500319433;2.7
SDA;4.642211;-74.065572;Lmin;Saturday;82.8;39.03254933105292;2.5
SDA;4.642211;-74.065572;Lmin;Sunday;88.1;36.3518271165683;3.1
Santa Cecilia;4.674278;-74.107972;L10;Monday;100.9;45.27349792651191;-0.1
Santa Cecilia;4.674278;-74.107972;L10;Tuesday;92.9;45.64618408437237;-0.1
Santa Cecilia;4.674278;-74.107972;L10;Wednesday;98.0;45.808626835349756;-0.1
Santa Cecilia;4.674278;-74.107972;L10;Thursday;104.4;46.55493633237209;-0.1
Santa Cecilia;4.674278;-74.107972;L10;Friday;89.7;46.47030672544761;-0.1
Santa Cecilia;4.674278;-74.107972;L10;Saturday;93.0;46.31339967467283;-0.1
Santa Cecilia;4.674278;-74.107972;L10;Sunday;89.1;44.3461703731634;-0.1
Santa Cecilia;4.674278;-74.107972;L50;Monday;95.7;36.67701743331264;-0.1
Santa Cecilia;4.674278;-74.107972;L50;Tuesday;82.7;37.1964928305896;-0.1
Santa Cecilia;4.674278;-74.107972;L50;Wednesday;80.7;37.11981036662397;-0.1
Santa Cecilia;4.674278;-74.107972;L50;Thursday;88.6;37.410004177108846;-0.1
Santa Cecilia;4.674278;-74.107972;L50;Friday;84.8;37.80404093690645;-0.1
Santa Cecilia;4.674278;-74.107972;L50;Saturday;81.3;37.66998023098572;-0.1
Santa Cecilia;4.674278;-74.107972;L50;Sunday;79.7;35.29957634056461;-0.1
Santa Cecilia;4.674278;-74.107972;L90;Monday;87.1;31.98444208698971;-0.1
Santa Cecilia;4.674278;-74.107972;L90;Tuesday;89.2;32.527083413230926;-0.1
Santa Cecilia;4.674278;-74.107972;L90;Wednesday;79.1;32.460908671159864;-0.1
Santa Cecilia;4.674278;-74.107972;L90;Thursday;89.7;33.382061529881234;-0.1
Santa Cecilia;4.674278;-74.107972;L90;Friday;83.9;33.258103367413455;-0.1
Santa Cecilia;4.674278;-74.107972;L90;Saturday;76.7;33.0200937709305;-0.1
Santa Cecilia;4.674278;-74.107972;L90;Sunday;75.9;30.635024500564732;-0.1
Santa Cecilia;4.674278;-74.107972;Leq;Monday;86.3;44.03149471844989;0.0
Santa Cecilia;4.674278;-74.107972;Leq;Tuesday;77.5;44.628294512435865;0.0
Santa Cecilia;4.674278;-74.107972;Leq;Wednesday;78.7;44.793581505000205;0.0
Santa Cecilia;4.674278;-74.107972;Leq;Thursday;89.1;45.48405411611638;0.0
Santa Cecilia;4.674278;-74.107972;Leq;Friday;78.9;45.28209609516854;0.0
Santa Cecilia;4.674278;-74.107972;Leq;Saturday;77.7;45.37903155904006;0.0
Santa Cecilia;4.674278;-74.107972;Leq;Sunday;80.2;43.26944940245233;0.0
Santa Cecilia;4.674278;-74.107972;Lmax;Monday;129.5;67.36598900569106;0.0
Santa Cecilia;4.674278;-74.107972;Lmax;Tuesday;124.5;68.06872483221527;0.0
Santa Cecilia;4.674278;-74.107972;Lmax;Wednesday;122.9;68.35469018376655;0.0
Santa Cecilia;4.674278;-74.107972;Lmax;Thursday;125.9;68.99605725439211;0.0
Santa Cecilia;4.674278;-74.107972;Lmax;Friday;128.2;68.86804802551433;0.0
Santa Cecilia;4.674278;-74.107972;Lmax;Saturday;126.3;69.13837718878644;0.0
Santa Cecilia;4.674278;-74.107972;Lmax;Sunday;132.6;66.82265359969959;0.0
Santa Cecilia;4.674278;-74.107972;Lmin;Monday;83.4;26.84250554537635;0.0
Santa Cecilia;4.674278;-74.107972;Lmin;Tuesday;89.3;27.345447746884357;0.0
Santa Cecilia;4.674278;-74.107972;Lmin;Wednesday;77.1;27.294963523871587;0.0
Santa Cecilia;4.674278;-74.107972;Lmin;Thursday;88.7;28.157522074542843;0.0
Santa Cecilia;4.674278;-74.107972;Lmin;Friday;84.0;28.040071287871715;0.0
Santa Cecilia;4.674278;-74.107972;Lmin;Saturday;71.0;27.87394890441144;0.0
Santa Cecilia;4.674278;-74.107972;Lmin;Sunday;73.6;25.655339238598224;0.0
